#
# There is insufficient memory for the Java Runtime Environment to continue.
# Native memory allocation (mmap) failed to map 216006656 bytes for G1 virtual space
# Possible reasons:
#   The system is out of physical RAM or swap space
#   The process is running with CompressedOops enabled, and the Java Heap may be blocking the growth of the native heap
# Possible solutions:
#   Reduce memory load on the system
#   Increase physical memory or swap space
#   Check if swap backing store is full
#   Decrease Java heap size (-Xmx/-Xms)
#   Decrease number of Java threads
#   Decrease Java thread stack sizes (-Xss)
#   Set larger code cache with -XX:ReservedCodeCacheSize=
#   JVM is running with Unscaled Compressed Oops mode in which the Java heap is
#     placed in the first 4GB address space. The Java Heap base address is the
#     maximum limit for the native heap growth. Please use -XX:HeapBaseMinAddress
#     to set the Java Heap base and to place the Java Heap above 4GB virtual address.
# This output file may be truncated or incomplete.
#
#  Out of Memory Error (os_windows.cpp:3548), pid=2604, tid=3780
#
# JRE version: Java(TM) SE Runtime Environment (17.0.12+8) (build 17.0.12+8-LTS-286)
# Java VM: Java HotSpot(TM) 64-Bit Server VM (17.0.12+8-LTS-286, mixed mode, sharing, tiered, compressed oops, compressed class ptrs, g1 gc, windows-amd64)
# No core dump will be written. Minidumps are not enabled by default on client versions of Windows
#

---------------  S U M M A R Y ------------

Command Line: --add-opens=java.base/java.lang=ALL-UNNAMED --add-opens=java.base/java.lang.invoke=ALL-UNNAMED --add-opens=java.base/java.util=ALL-UNNAMED --add-opens=java.prefs/java.util.prefs=ALL-UNNAMED --add-exports=jdk.compiler/com.sun.tools.javac.api=ALL-UNNAMED --add-exports=jdk.compiler/com.sun.tools.javac.util=ALL-UNNAMED --add-opens=java.base/java.util=ALL-UNNAMED --add-opens=java.prefs/java.util.prefs=ALL-UNNAMED --add-opens=java.base/java.nio.charset=ALL-UNNAMED --add-opens=java.base/java.net=ALL-UNNAMED --add-opens=java.base/java.util.concurrent.atomic=ALL-UNNAMED --add-opens=java.xml/javax.xml.namespace=ALL-UNNAMED -XX:MaxMetaspaceSize=512m -Xmx2048m -Dfile.encoding=windows-1252 -Duser.country=IN -Duser.language=en -Duser.variant -javaagent:C:\Users\iFocus\.gradle\wrapper\dists\gradle-8.14.1-bin\baw1sv0jfoi8rxs14qo3h49cs\gradle-8.14.1\lib\agents\gradle-instrumentation-agent-8.14.1.jar org.gradle.launcher.daemon.bootstrap.GradleDaemon 8.14.1

Host: 12th Gen Intel(R) Core(TM) i7-1255U, 12 cores, 15G,  Windows 11 , 64 bit Build 26100 (10.0.26100.4768)
Time: Sun Sep  7 22:59:58 2025 India Standard Time elapsed time: 121.890176 seconds (0d 0h 2m 1s)

---------------  T H R E A D  ---------------

Current thread (0x0000019ee9570200):  VMThread "VM Thread" [stack: 0x0000002b49100000,0x0000002b49200000] [id=3780]

Stack: [0x0000002b49100000,0x0000002b49200000]
Native frames: (J=compiled Java code, j=interpreted, Vv=VM code, C=native code)
V  [jvm.dll+0x67a04a]
V  [jvm.dll+0x7da4ed]
V  [jvm.dll+0x7dbe33]
V  [jvm.dll+0x7dc4a3]
V  [jvm.dll+0x24508f]
V  [jvm.dll+0x677089]
V  [jvm.dll+0x66bd32]
V  [jvm.dll+0x301fa6]
V  [jvm.dll+0x309546]
V  [jvm.dll+0x359d2e]
V  [jvm.dll+0x359f5f]
V  [jvm.dll+0x2d9078]
V  [jvm.dll+0x2dc0e6]
V  [jvm.dll+0x2e67eb]
V  [jvm.dll+0x31a870]
V  [jvm.dll+0x7e0d9b]
V  [jvm.dll+0x7e1ad4]
V  [jvm.dll+0x7e1fed]
V  [jvm.dll+0x7e23c4]
V  [jvm.dll+0x7e2490]
V  [jvm.dll+0x78abea]
V  [jvm.dll+0x678f35]
C  [ucrtbase.dll+0x37b0]
C  [KERNEL32.DLL+0x2e8d7]
C  [ntdll.dll+0x3c34c]

VM_Operation (0x0000002b48dff960): G1Concurrent, mode: safepoint, requested by thread 0x0000019ecaf35000


---------------  P R O C E S S  ---------------

Threads class SMR info:
_java_thread_list=0x0000019ef3f13a20, length=268, elements={
0x0000019ecaec5920, 0x0000019ee9571740, 0x0000019ee9572210, 0x0000019ee958c520,
0x0000019ee96a0080, 0x0000019ee96a0950, 0x0000019ee96a2230, 0x0000019ee96a6e50,
0x0000019ee96a7760, 0x0000019ee96a8070, 0x0000019ee97bc4f0, 0x0000019ee987c940,
0x0000019eee89bbe0, 0x0000019eef8d6440, 0x0000019eefff9480, 0x0000019ef00ff010,
0x0000019eeedcacf0, 0x0000019eeed55b10, 0x0000019eeed52d80, 0x0000019eeed53290,
0x0000019eeed54be0, 0x0000019eeed537a0, 0x0000019eeed550f0, 0x0000019eeed56020,
0x0000019eeed53cb0, 0x0000019eeed56530, 0x0000019eeed546d0, 0x0000019eeed55600,
0x0000019ef20e0760, 0x0000019ef20e3f10, 0x0000019ef20e34f0, 0x0000019ef20e25c0,
0x0000019ef20e1180, 0x0000019ef20e4420, 0x0000019ef20e4930, 0x0000019ef20e5350,
0x0000019ef20e80e0, 0x0000019ef20e5860, 0x0000019ef20e5d70, 0x0000019ef20e6280,
0x0000019ef20e6790, 0x0000019ef20e71b0, 0x0000019ef20e76c0, 0x0000019ef20e7bd0,
0x0000019ef0c0ba10, 0x0000019ef0c0ce50, 0x0000019ef0c0a5d0, 0x0000019ef0c0bf20,
0x0000019ef0c0a0c0, 0x0000019ef0c0aae0, 0x0000019ef0c0aff0, 0x0000019ef0c09bb0,
0x0000019ef0c0c430, 0x0000019ef0c0d870, 0x0000019ef0c0ecb0, 0x0000019ef0c0c940,
0x0000019ef0c0d360, 0x0000019ef0c0dd80, 0x0000019ef0c0e7a0, 0x0000019ef0c0e290,
0x0000019ef0c0b500, 0x0000019ef0c10600, 0x0000019ef0c11020, 0x0000019ef0c0f1c0,
0x0000019ef0c0f6d0, 0x0000019ef0c100f0, 0x0000019ef0c10b10, 0x0000019ef0c0fbe0,
0x0000019ef0c11530, 0x0000019ef1b71790, 0x0000019ef1b726c0, 0x0000019ef1b72bd0,
0x0000019ef1b730e0, 0x0000019ef1b735f0, 0x0000019ef1b721b0, 0x0000019ef1b6fe40,
0x0000019ef1b74010, 0x0000019ef1b70860, 0x0000019ef1b70d70, 0x0000019ef1b74a30,
0x0000019ef1b74520, 0x0000019ef1b74f40, 0x0000019ef1b71ca0, 0x0000019ef1b75960,
0x0000019ef1b777c0, 0x0000019ef1b772b0, 0x0000019eef373820, 0x0000019eef373d30,
0x0000019eef3765b0, 0x0000019eef374750, 0x0000019eef374c60, 0x0000019eef373310,
0x0000019eef375680, 0x0000019eef3760a0, 0x0000019eef372e00, 0x0000019eef376ac0,
0x0000019eef376fd0, 0x0000019eef3774e0, 0x0000019eef3779f0, 0x0000019eef374240,
0x0000019eef377f00, 0x0000019eef378410, 0x0000019eef375170, 0x0000019eef378920,
0x0000019eef378e30, 0x0000019eef379340, 0x0000019eef375b90, 0x0000019eef379850,
0x0000019eef379d60, 0x0000019eef37a270, 0x0000019eef37a780, 0x0000019ef08a9500,
0x0000019ef08a8ff0, 0x0000019ef08aa940, 0x0000019ef08a80c0, 0x0000019ef08ab870,
0x0000019ef08a85d0, 0x0000019ef08aae50, 0x0000019ef08a9a10, 0x0000019ef08ab360,
0x0000019ef08abd80, 0x0000019ef08ac290, 0x0000019ef08a8ae0, 0x0000019ef08ac7a0,
0x0000019ef08accb0, 0x0000019ef08ad6d0, 0x0000019ef08aa430, 0x0000019ef08ad1c0,
0x0000019ef08a9f20, 0x0000019ef08adbe0, 0x0000019ef08afa40, 0x0000019ef08af530,
0x0000019ef08ae0f0, 0x0000019ef08ae600, 0x0000019ef08aeb10, 0x0000019ef08af020,
0x0000019ef14d8ff0, 0x0000019ef14da430, 0x0000019ef14db360, 0x0000019ef14d7bb0,
0x0000019ef14d9500, 0x0000019ef14db870, 0x0000019ef14d9f20, 0x0000019ef14d80c0,
0x0000019ef14d9a10, 0x0000019ef14da940, 0x0000019ef14dae50, 0x0000019ef14dc290,
0x0000019ef14de0f0, 0x0000019ef14dbd80, 0x0000019ef14ddbe0, 0x0000019ef14d8ae0,
0x0000019ef14dccb0, 0x0000019ef14df530, 0x0000019ef14dc7a0, 0x0000019ef14de600,
0x0000019ef14dd1c0, 0x0000019ef14dd6d0, 0x0000019ef14deb10, 0x0000019ef14df020,
0x0000019ef2612cd0, 0x0000019ef26136f0, 0x0000019ef2614110, 0x0000019ef2611380,
0x0000019ef2611da0, 0x0000019ef26131e0, 0x0000019ef2613c00, 0x0000019ef26122b0,
0x0000019ef2615040, 0x0000019ef2614620, 0x0000019ef2614b30, 0x0000019ef2611890,
0x0000019ef26173b0, 0x0000019ef26187f0, 0x0000019ef2616480, 0x0000019ef26178c0,
0x0000019ef2616ea0, 0x0000019ef2616990, 0x0000019ef2615550, 0x0000019ef2615a60,
0x0000019ef2615f70, 0x0000019ef26182e0, 0x0000019ef1819a00, 0x0000019ef1819f10,
0x0000019ef1818fe0, 0x0000019ef18194f0, 0x0000019ef1818ad0, 0x0000019ef181d1b0,
0x0000019ef181c280, 0x0000019ef181e0e0, 0x0000019ef181f520, 0x0000019ef181e5f0,
0x0000019ef181eb00, 0x0000019ef20e20b0, 0x0000019ef468d580, 0x0000019ef468e9c0,
0x0000019ef4693fd0, 0x0000019ef46944e0, 0x0000019ef4694f00, 0x0000019ef46935b0,
0x0000019ef4695920, 0x0000019ef4695410, 0x0000019ef4692170, 0x0000019ef4692680,
0x0000019ef46990d0, 0x0000019ef46995e0, 0x0000019ef4699af0, 0x0000019ef4696340,
0x0000019ef469a000, 0x0000019ef4692b90, 0x0000019ef4696850, 0x0000019ef4697c90,
0x0000019ef4697270, 0x0000019ef469a510, 0x0000019ef4697780, 0x0000019ef4698bc0,
0x0000019ef4696d60, 0x0000019ef469b950, 0x0000019ef469be60, 0x0000019ef469c370,
0x0000019ef469c880, 0x0000019ef469b440, 0x0000019ef469cd90, 0x0000019ef469aa20,
0x0000019ef469d2a0, 0x0000019ef469d7b0, 0x0000019ef469af30, 0x0000019ef1b75e70,
0x0000019ef1b76380, 0x0000019ef1b76890, 0x0000019ef181a420, 0x0000019ef181b860,
0x0000019ef20e0c70, 0x0000019ef20e6ca0, 0x0000019ef2618d00, 0x0000019ef14d85d0,
0x0000019efcf69ec0, 0x0000019efcf68060, 0x0000019efcf699b0, 0x0000019efcf694a0,
0x0000019efcf6a3d0, 0x0000019efcf68f90, 0x0000019efcf6a8e0, 0x0000019efcf68570,
0x0000019efcf6d160, 0x0000019efcf6c230, 0x0000019efcf6c740, 0x0000019efcf6cc50,
0x0000019efcf6adf0, 0x0000019efcf6e5a0, 0x0000019efcf6d670, 0x0000019efcf6eab0,
0x0000019efcf6db80, 0x0000019efcf6b300, 0x0000019efcf70400, 0x0000019efcf72770,
0x0000019efcf70910, 0x0000019efcf71330, 0x0000019efcf70e20, 0x0000019efcf71840,
0x0000019efcf71d50, 0x0000019efcf72260, 0x0000019efcf72c80, 0x0000019efcf6f4d0,
0x0000019efcf736a0, 0x0000019efcf74ff0, 0x0000019efde429f0, 0x0000019efde42f40
}

Java Threads: ( => current thread )
  0x0000019ecaec5920 JavaThread "main" [_thread_blocked, id=15440, stack(0x0000002b48b00000,0x0000002b48c00000)]
  0x0000019ee9571740 JavaThread "Reference Handler" daemon [_thread_blocked, id=5404, stack(0x0000002b49200000,0x0000002b49300000)]
  0x0000019ee9572210 JavaThread "Finalizer" daemon [_thread_blocked, id=12952, stack(0x0000002b49300000,0x0000002b49400000)]
  0x0000019ee958c520 JavaThread "Signal Dispatcher" daemon [_thread_blocked, id=11868, stack(0x0000002b49400000,0x0000002b49500000)]
  0x0000019ee96a0080 JavaThread "Attach Listener" daemon [_thread_blocked, id=10756, stack(0x0000002b49500000,0x0000002b49600000)]
  0x0000019ee96a0950 JavaThread "Service Thread" daemon [_thread_blocked, id=10248, stack(0x0000002b49600000,0x0000002b49700000)]
  0x0000019ee96a2230 JavaThread "Monitor Deflation Thread" daemon [_thread_blocked, id=18776, stack(0x0000002b49700000,0x0000002b49800000)]
  0x0000019ee96a6e50 JavaThread "C2 CompilerThread0" daemon [_thread_blocked, id=2548, stack(0x0000002b49800000,0x0000002b49900000)]
  0x0000019ee96a7760 JavaThread "C1 CompilerThread0" daemon [_thread_blocked, id=7244, stack(0x0000002b49900000,0x0000002b49a00000)]
  0x0000019ee96a8070 JavaThread "Sweeper thread" daemon [_thread_blocked, id=16136, stack(0x0000002b49a00000,0x0000002b49b00000)]
  0x0000019ee97bc4f0 JavaThread "Common-Cleaner" daemon [_thread_blocked, id=6824, stack(0x0000002b49b00000,0x0000002b49c00000)]
  0x0000019ee987c940 JavaThread "Notification Thread" daemon [_thread_blocked, id=20344, stack(0x0000002b49c00000,0x0000002b49d00000)]
  0x0000019eee89bbe0 JavaThread "Daemon health stats" [_thread_blocked, id=7740, stack(0x0000002b49e00000,0x0000002b49f00000)]
  0x0000019eef8d6440 JavaThread "Incoming local TCP Connector on port 49876" [_thread_in_native, id=18700, stack(0x0000002b49f00000,0x0000002b4a000000)]
  0x0000019eefff9480 JavaThread "Daemon periodic checks" [_thread_blocked, id=11512, stack(0x0000002b4a500000,0x0000002b4a600000)]
  0x0000019ef00ff010 JavaThread "Daemon" [_thread_blocked, id=11520, stack(0x0000002b4a700000,0x0000002b4a800000)]
  0x0000019eeedcacf0 JavaThread "Handler for socket connection from /127.0.0.1:49876 to /127.0.0.1:49877" [_thread_in_native, id=11168, stack(0x0000002b4a800000,0x0000002b4a900000)]
  0x0000019eeed55b10 JavaThread "Cancel handler" [_thread_blocked, id=4168, stack(0x0000002b4a900000,0x0000002b4aa00000)]
  0x0000019eeed52d80 JavaThread "Daemon worker" [_thread_blocked, id=11544, stack(0x0000002b4aa00000,0x0000002b4ab00000)]
  0x0000019eeed53290 JavaThread "Asynchronous log dispatcher for DefaultDaemonConnection: socket connection from /127.0.0.1:49876 to /127.0.0.1:49877" [_thread_blocked, id=16936, stack(0x0000002b4ab00000,0x0000002b4ac00000)]
  0x0000019eeed54be0 JavaThread "Stdin handler" [_thread_blocked, id=5836, stack(0x0000002b4ac00000,0x0000002b4ad00000)]
  0x0000019eeed537a0 JavaThread "Daemon client event forwarder" [_thread_blocked, id=17760, stack(0x0000002b4ad00000,0x0000002b4ae00000)]
  0x0000019eeed550f0 JavaThread "Cache worker for journal cache (C:\Users\iFocus\.gradle\caches\journal-1)" [_thread_blocked, id=18444, stack(0x0000002b4ae00000,0x0000002b4af00000)]
  0x0000019eeed56020 JavaThread "File lock request listener" [_thread_in_native, id=4324, stack(0x0000002b4af00000,0x0000002b4b000000)]
  0x0000019eeed53cb0 JavaThread "Cache worker for file hash cache (C:\Users\iFocus\.gradle\caches\8.14.1\fileHashes)" [_thread_blocked, id=11328, stack(0x0000002b4b000000,0x0000002b4b100000)]
  0x0000019eeed56530 JavaThread "Cache worker for file hash cache (D:\Sriram\Practise\MissFish\android\.gradle\8.14.1\fileHashes)" [_thread_blocked, id=17432, stack(0x0000002b4b200000,0x0000002b4b300000)]
  0x0000019eeed546d0 JavaThread "Cache worker for Build Output Cleanup Cache (D:\Sriram\Practise\MissFish\android\.gradle\buildOutputCleanup)" [_thread_blocked, id=7380, stack(0x0000002b4b300000,0x0000002b4b400000)]
  0x0000019eeed55600 JavaThread "File watcher server" daemon [_thread_blocked, id=1632, stack(0x0000002b4ba00000,0x0000002b4bb00000)]
  0x0000019ef20e0760 JavaThread "File watcher consumer" daemon [_thread_blocked, id=20208, stack(0x0000002b4bb00000,0x0000002b4bc00000)]
  0x0000019ef20e3f10 JavaThread "jar transforms" [_thread_blocked, id=10368, stack(0x0000002b4bc00000,0x0000002b4bd00000)]
  0x0000019ef20e34f0 JavaThread "Cache worker for checksums cache (D:\Sriram\Practise\MissFish\android\.gradle\8.14.1\checksums)" [_thread_blocked, id=7144, stack(0x0000002b4bd00000,0x0000002b4be00000)]
  0x0000019ef20e25c0 JavaThread "Cache worker for file content cache (C:\Users\iFocus\.gradle\caches\8.14.1\fileContent)" [_thread_blocked, id=14424, stack(0x0000002b4be00000,0x0000002b4bf00000)]
  0x0000019ef20e1180 JavaThread "Cache worker for cache directory md-supplier (C:\Users\iFocus\.gradle\caches\8.14.1\md-supplier)" [_thread_blocked, id=18724, stack(0x0000002b4bf00000,0x0000002b4c000000)]
  0x0000019ef20e4420 JavaThread "Cache worker for cache directory md-rule (C:\Users\iFocus\.gradle\caches\8.14.1\md-rule)" [_thread_blocked, id=10256, stack(0x0000002b4c000000,0x0000002b4c100000)]
  0x0000019ef20e4930 JavaThread "Cache worker for Build Output Cleanup Cache (D:\Sriram\Practise\MissFish\node_modules\@react-native\gradle-plugin\.gradle\buildOutputCleanup)" [_thread_blocked, id=19452, stack(0x0000002b4c100000,0x0000002b4c200000)]
  0x0000019ef20e5350 JavaThread "Unconstrained build operations" [_thread_blocked, id=9356, stack(0x0000002b4b100000,0x0000002b4b200000)]
  0x0000019ef20e80e0 JavaThread "Unconstrained build operations Thread 2" [_thread_blocked, id=1520, stack(0x0000002b4c200000,0x0000002b4c300000)]
  0x0000019ef20e5860 JavaThread "Unconstrained build operations Thread 3" [_thread_blocked, id=19420, stack(0x0000002b4c300000,0x0000002b4c400000)]
  0x0000019ef20e5d70 JavaThread "Unconstrained build operations Thread 4" [_thread_blocked, id=8548, stack(0x0000002b4c400000,0x0000002b4c500000)]
  0x0000019ef20e6280 JavaThread "Unconstrained build operations Thread 5" [_thread_blocked, id=6848, stack(0x0000002b4c500000,0x0000002b4c600000)]
  0x0000019ef20e6790 JavaThread "Unconstrained build operations Thread 6" [_thread_blocked, id=3888, stack(0x0000002b4c600000,0x0000002b4c700000)]
  0x0000019ef20e71b0 JavaThread "Unconstrained build operations Thread 7" [_thread_blocked, id=19816, stack(0x0000002b4a600000,0x0000002b4a700000)]
  0x0000019ef20e76c0 JavaThread "Unconstrained build operations Thread 8" [_thread_blocked, id=19844, stack(0x0000002b4c700000,0x0000002b4c800000)]
  0x0000019ef20e7bd0 JavaThread "Unconstrained build operations Thread 9" [_thread_blocked, id=15612, stack(0x0000002b4c800000,0x0000002b4c900000)]
  0x0000019ef0c0ba10 JavaThread "Unconstrained build operations Thread 10" [_thread_blocked, id=9736, stack(0x0000002b4c900000,0x0000002b4ca00000)]
  0x0000019ef0c0ce50 JavaThread "Unconstrained build operations Thread 11" [_thread_blocked, id=18464, stack(0x0000002b4ca00000,0x0000002b4cb00000)]
  0x0000019ef0c0a5d0 JavaThread "Unconstrained build operations Thread 12" [_thread_blocked, id=13392, stack(0x0000002b4cb00000,0x0000002b4cc00000)]
  0x0000019ef0c0bf20 JavaThread "Unconstrained build operations Thread 13" [_thread_blocked, id=18312, stack(0x0000002b4cc00000,0x0000002b4cd00000)]
  0x0000019ef0c0a0c0 JavaThread "Unconstrained build operations Thread 14" [_thread_blocked, id=3396, stack(0x0000002b4cd00000,0x0000002b4ce00000)]
  0x0000019ef0c0aae0 JavaThread "Unconstrained build operations Thread 15" [_thread_blocked, id=8220, stack(0x0000002b4ce00000,0x0000002b4cf00000)]
  0x0000019ef0c0aff0 JavaThread "Unconstrained build operations Thread 16" [_thread_blocked, id=17312, stack(0x0000002b4cf00000,0x0000002b4d000000)]
  0x0000019ef0c09bb0 JavaThread "Unconstrained build operations Thread 17" [_thread_blocked, id=20264, stack(0x0000002b4d000000,0x0000002b4d100000)]
  0x0000019ef0c0c430 JavaThread "Unconstrained build operations Thread 18" [_thread_blocked, id=3156, stack(0x0000002b4d100000,0x0000002b4d200000)]
  0x0000019ef0c0d870 JavaThread "Unconstrained build operations Thread 19" [_thread_blocked, id=15992, stack(0x0000002b4d200000,0x0000002b4d300000)]
  0x0000019ef0c0ecb0 JavaThread "Unconstrained build operations Thread 20" [_thread_blocked, id=11928, stack(0x0000002b4d300000,0x0000002b4d400000)]
  0x0000019ef0c0c940 JavaThread "Unconstrained build operations Thread 21" [_thread_blocked, id=4248, stack(0x0000002b4d400000,0x0000002b4d500000)]
  0x0000019ef0c0d360 JavaThread "Unconstrained build operations Thread 22" [_thread_blocked, id=19772, stack(0x0000002b4d500000,0x0000002b4d600000)]
  0x0000019ef0c0dd80 JavaThread "Unconstrained build operations Thread 23" [_thread_blocked, id=14468, stack(0x0000002b4d600000,0x0000002b4d700000)]
  0x0000019ef0c0e7a0 JavaThread "Unconstrained build operations Thread 24" [_thread_blocked, id=17740, stack(0x0000002b4d700000,0x0000002b4d800000)]
  0x0000019ef0c0e290 JavaThread "Unconstrained build operations Thread 25" [_thread_blocked, id=424, stack(0x0000002b4d800000,0x0000002b4d900000)]
  0x0000019ef0c0b500 JavaThread "Unconstrained build operations Thread 26" [_thread_blocked, id=16644, stack(0x0000002b4d900000,0x0000002b4da00000)]
  0x0000019ef0c10600 JavaThread "Unconstrained build operations Thread 27" [_thread_blocked, id=1768, stack(0x0000002b4da00000,0x0000002b4db00000)]
  0x0000019ef0c11020 JavaThread "Unconstrained build operations Thread 28" [_thread_blocked, id=9468, stack(0x0000002b4db00000,0x0000002b4dc00000)]
  0x0000019ef0c0f1c0 JavaThread "Unconstrained build operations Thread 29" [_thread_blocked, id=11912, stack(0x0000002b4dc00000,0x0000002b4dd00000)]
  0x0000019ef0c0f6d0 JavaThread "Unconstrained build operations Thread 30" [_thread_blocked, id=19060, stack(0x0000002b4dd00000,0x0000002b4de00000)]
  0x0000019ef0c100f0 JavaThread "Unconstrained build operations Thread 31" [_thread_blocked, id=7976, stack(0x0000002b4de00000,0x0000002b4df00000)]
  0x0000019ef0c10b10 JavaThread "Unconstrained build operations Thread 32" [_thread_blocked, id=6220, stack(0x0000002b4df00000,0x0000002b4e000000)]
  0x0000019ef0c0fbe0 JavaThread "Unconstrained build operations Thread 33" [_thread_blocked, id=11732, stack(0x0000002b4e000000,0x0000002b4e100000)]
  0x0000019ef0c11530 JavaThread "Unconstrained build operations Thread 34" [_thread_blocked, id=9284, stack(0x0000002b4e100000,0x0000002b4e200000)]
  0x0000019ef1b71790 JavaThread "Unconstrained build operations Thread 35" [_thread_blocked, id=9424, stack(0x0000002b4e200000,0x0000002b4e300000)]
  0x0000019ef1b726c0 JavaThread "Unconstrained build operations Thread 36" [_thread_blocked, id=3448, stack(0x0000002b4e300000,0x0000002b4e400000)]
  0x0000019ef1b72bd0 JavaThread "Unconstrained build operations Thread 37" [_thread_blocked, id=11616, stack(0x0000002b4e400000,0x0000002b4e500000)]
  0x0000019ef1b730e0 JavaThread "Unconstrained build operations Thread 38" [_thread_blocked, id=20140, stack(0x0000002b4e500000,0x0000002b4e600000)]
  0x0000019ef1b735f0 JavaThread "Unconstrained build operations Thread 39" [_thread_blocked, id=17420, stack(0x0000002b4e600000,0x0000002b4e700000)]
  0x0000019ef1b721b0 JavaThread "build event listener" [_thread_blocked, id=16504, stack(0x0000002b4e800000,0x0000002b4e900000)]
  0x0000019ef1b6fe40 JavaThread "Memory manager" [_thread_blocked, id=10764, stack(0x0000002b4e700000,0x0000002b4e800000)]
  0x0000019ef1b74010 JavaThread "ForkJoinPool.commonPool-worker-1" daemon [_thread_blocked, id=20212, stack(0x0000002b4ea00000,0x0000002b4eb00000)]
  0x0000019ef1b70860 JavaThread "ForkJoinPool.commonPool-worker-2" daemon [_thread_blocked, id=18924, stack(0x0000002b4eb00000,0x0000002b4ec00000)]
  0x0000019ef1b70d70 JavaThread "ForkJoinPool.commonPool-worker-3" daemon [_thread_blocked, id=4236, stack(0x0000002b4ec00000,0x0000002b4ed00000)]
  0x0000019ef1b74a30 JavaThread "ForkJoinPool.commonPool-worker-4" daemon [_thread_blocked, id=11848, stack(0x0000002b4ed00000,0x0000002b4ee00000)]
  0x0000019ef1b74520 JavaThread "ForkJoinPool.commonPool-worker-5" daemon [_thread_blocked, id=4128, stack(0x0000002b4ee00000,0x0000002b4ef00000)]
  0x0000019ef1b74f40 JavaThread "ForkJoinPool.commonPool-worker-6" daemon [_thread_blocked, id=15936, stack(0x0000002b4ef00000,0x0000002b4f000000)]
  0x0000019ef1b71ca0 JavaThread "ForkJoinPool.commonPool-worker-9" daemon [_thread_blocked, id=7612, stack(0x0000002b4f100000,0x0000002b4f200000)]
  0x0000019ef1b75960 JavaThread "ForkJoinPool.commonPool-worker-8" daemon [_thread_blocked, id=15840, stack(0x0000002b4f200000,0x0000002b4f300000)]
  0x0000019ef1b777c0 JavaThread "ForkJoinPool.commonPool-worker-10" daemon [_thread_blocked, id=20412, stack(0x0000002b4f300000,0x0000002b4f400000)]
  0x0000019ef1b772b0 JavaThread "included builds" [_thread_blocked, id=13448, stack(0x0000002b4f700000,0x0000002b4f800000)]
  0x0000019eef373820 JavaThread "Execution worker" [_thread_blocked, id=2080, stack(0x0000002b4f800000,0x0000002b4f900000)]
  0x0000019eef373d30 JavaThread "Execution worker Thread 2" [_thread_blocked, id=10312, stack(0x0000002b4f900000,0x0000002b4fa00000)]
  0x0000019eef3765b0 JavaThread "Execution worker Thread 3" [_thread_blocked, id=832, stack(0x0000002b4fa00000,0x0000002b4fb00000)]
  0x0000019eef374750 JavaThread "Execution worker Thread 4" [_thread_blocked, id=9960, stack(0x0000002b4fb00000,0x0000002b4fc00000)]
  0x0000019eef374c60 JavaThread "Execution worker Thread 5" [_thread_blocked, id=19140, stack(0x0000002b4fc00000,0x0000002b4fd00000)]
  0x0000019eef373310 JavaThread "Execution worker Thread 6" [_thread_blocked, id=10836, stack(0x0000002b4fd00000,0x0000002b4fe00000)]
  0x0000019eef375680 JavaThread "Execution worker Thread 7" [_thread_blocked, id=6864, stack(0x0000002b4fe00000,0x0000002b4ff00000)]
  0x0000019eef3760a0 JavaThread "Execution worker Thread 8" [_thread_blocked, id=16900, stack(0x0000002b4ff00000,0x0000002b50000000)]
  0x0000019eef372e00 JavaThread "Execution worker Thread 9" [_thread_blocked, id=13568, stack(0x0000002b50000000,0x0000002b50100000)]
  0x0000019eef376ac0 JavaThread "Execution worker Thread 10" [_thread_blocked, id=19552, stack(0x0000002b50100000,0x0000002b50200000)]
  0x0000019eef376fd0 JavaThread "Execution worker Thread 11" [_thread_blocked, id=9184, stack(0x0000002b50200000,0x0000002b50300000)]
  0x0000019eef3774e0 JavaThread "Cache worker for execution history cache (D:\Sriram\Practise\MissFish\node_modules\@react-native\gradle-plugin\.gradle\8.14.1\executionHistory)" [_thread_blocked, id=5828, stack(0x0000002b50300000,0x0000002b50400000)]
  0x0000019eef3779f0 JavaThread "Unconstrained build operations Thread 40" [_thread_blocked, id=5132, stack(0x0000002b50400000,0x0000002b50500000)]
  0x0000019eef374240 JavaThread "Unconstrained build operations Thread 41" [_thread_blocked, id=6028, stack(0x0000002b50500000,0x0000002b50600000)]
  0x0000019eef377f00 JavaThread "Unconstrained build operations Thread 42" [_thread_blocked, id=19372, stack(0x0000002b50600000,0x0000002b50700000)]
  0x0000019eef378410 JavaThread "Unconstrained build operations Thread 43" [_thread_blocked, id=12220, stack(0x0000002b50700000,0x0000002b50800000)]
  0x0000019eef375170 JavaThread "Unconstrained build operations Thread 44" [_thread_blocked, id=19376, stack(0x0000002b50800000,0x0000002b50900000)]
  0x0000019eef378920 JavaThread "Unconstrained build operations Thread 45" [_thread_blocked, id=408, stack(0x0000002b50900000,0x0000002b50a00000)]
  0x0000019eef378e30 JavaThread "Unconstrained build operations Thread 46" [_thread_blocked, id=18364, stack(0x0000002b50a00000,0x0000002b50b00000)]
  0x0000019eef379340 JavaThread "Unconstrained build operations Thread 47" [_thread_blocked, id=9796, stack(0x0000002b50b00000,0x0000002b50c00000)]
  0x0000019eef375b90 JavaThread "Unconstrained build operations Thread 48" [_thread_blocked, id=10588, stack(0x0000002b50c00000,0x0000002b50d00000)]
  0x0000019eef379850 JavaThread "Unconstrained build operations Thread 49" [_thread_blocked, id=16484, stack(0x0000002b50d00000,0x0000002b50e00000)]
  0x0000019eef379d60 JavaThread "Unconstrained build operations Thread 50" [_thread_blocked, id=1208, stack(0x0000002b50e00000,0x0000002b50f00000)]
  0x0000019eef37a270 JavaThread "Unconstrained build operations Thread 51" [_thread_blocked, id=16044, stack(0x0000002b50f00000,0x0000002b51000000)]
  0x0000019eef37a780 JavaThread "Unconstrained build operations Thread 52" [_thread_blocked, id=7576, stack(0x0000002b51000000,0x0000002b51100000)]
  0x0000019ef08a9500 JavaThread "Unconstrained build operations Thread 53" [_thread_blocked, id=18524, stack(0x0000002b51100000,0x0000002b51200000)]
  0x0000019ef08a8ff0 JavaThread "Unconstrained build operations Thread 54" [_thread_blocked, id=17820, stack(0x0000002b51200000,0x0000002b51300000)]
  0x0000019ef08aa940 JavaThread "Unconstrained build operations Thread 55" [_thread_blocked, id=16816, stack(0x0000002b51300000,0x0000002b51400000)]
  0x0000019ef08a80c0 JavaThread "Unconstrained build operations Thread 56" [_thread_blocked, id=19516, stack(0x0000002b51400000,0x0000002b51500000)]
  0x0000019ef08ab870 JavaThread "Unconstrained build operations Thread 57" [_thread_blocked, id=11556, stack(0x0000002b51500000,0x0000002b51600000)]
  0x0000019ef08a85d0 JavaThread "Unconstrained build operations Thread 58" [_thread_blocked, id=12300, stack(0x0000002b51600000,0x0000002b51700000)]
  0x0000019ef08aae50 JavaThread "Unconstrained build operations Thread 59" [_thread_blocked, id=6268, stack(0x0000002b51700000,0x0000002b51800000)]
  0x0000019ef08a9a10 JavaThread "Unconstrained build operations Thread 60" [_thread_blocked, id=8896, stack(0x0000002b51800000,0x0000002b51900000)]
  0x0000019ef08ab360 JavaThread "Unconstrained build operations Thread 61" [_thread_blocked, id=12972, stack(0x0000002b51900000,0x0000002b51a00000)]
  0x0000019ef08abd80 JavaThread "Unconstrained build operations Thread 62" [_thread_blocked, id=13056, stack(0x0000002b51a00000,0x0000002b51b00000)]
  0x0000019ef08ac290 JavaThread "Unconstrained build operations Thread 63" [_thread_blocked, id=15896, stack(0x0000002b51b00000,0x0000002b51c00000)]
  0x0000019ef08a8ae0 JavaThread "Unconstrained build operations Thread 64" [_thread_blocked, id=18316, stack(0x0000002b51c00000,0x0000002b51d00000)]
  0x0000019ef08ac7a0 JavaThread "Unconstrained build operations Thread 65" [_thread_blocked, id=15456, stack(0x0000002b51e00000,0x0000002b51f00000)]
  0x0000019ef08accb0 JavaThread "Unconstrained build operations Thread 66" [_thread_blocked, id=17436, stack(0x0000002b51f00000,0x0000002b52000000)]
  0x0000019ef08ad6d0 JavaThread "Unconstrained build operations Thread 67" [_thread_blocked, id=19348, stack(0x0000002b52000000,0x0000002b52100000)]
  0x0000019ef08aa430 JavaThread "Unconstrained build operations Thread 68" [_thread_blocked, id=12228, stack(0x0000002b52100000,0x0000002b52200000)]
  0x0000019ef08ad1c0 JavaThread "Unconstrained build operations Thread 69" [_thread_blocked, id=16752, stack(0x0000002b52200000,0x0000002b52300000)]
  0x0000019ef08a9f20 JavaThread "Unconstrained build operations Thread 70" [_thread_blocked, id=1884, stack(0x0000002b52300000,0x0000002b52400000)]
  0x0000019ef08adbe0 JavaThread "Unconstrained build operations Thread 71" [_thread_blocked, id=11948, stack(0x0000002b52400000,0x0000002b52500000)]
  0x0000019ef08afa40 JavaThread "Unconstrained build operations Thread 72" [_thread_blocked, id=2136, stack(0x0000002b52500000,0x0000002b52600000)]
  0x0000019ef08af530 JavaThread "Unconstrained build operations Thread 73" [_thread_blocked, id=2840, stack(0x0000002b52600000,0x0000002b52700000)]
  0x0000019ef08ae0f0 JavaThread "Unconstrained build operations Thread 74" [_thread_blocked, id=10708, stack(0x0000002b52700000,0x0000002b52800000)]
  0x0000019ef08ae600 JavaThread "Unconstrained build operations Thread 75" [_thread_blocked, id=1940, stack(0x0000002b52800000,0x0000002b52900000)]
  0x0000019ef08aeb10 JavaThread "Unconstrained build operations Thread 76" [_thread_blocked, id=19024, stack(0x0000002b52900000,0x0000002b52a00000)]
  0x0000019ef08af020 JavaThread "Unconstrained build operations Thread 77" [_thread_blocked, id=3568, stack(0x0000002b52a00000,0x0000002b52b00000)]
  0x0000019ef14d8ff0 JavaThread "Unconstrained build operations Thread 78" [_thread_blocked, id=5804, stack(0x0000002b52b00000,0x0000002b52c00000)]
  0x0000019ef14da430 JavaThread "Unconstrained build operations Thread 79" [_thread_blocked, id=12096, stack(0x0000002b52c00000,0x0000002b52d00000)]
  0x0000019ef14db360 JavaThread "Unconstrained build operations Thread 80" [_thread_blocked, id=17732, stack(0x0000002b52d00000,0x0000002b52e00000)]
  0x0000019ef14d7bb0 JavaThread "Unconstrained build operations Thread 81" [_thread_blocked, id=9380, stack(0x0000002b52e00000,0x0000002b52f00000)]
  0x0000019ef14d9500 JavaThread "Unconstrained build operations Thread 82" [_thread_blocked, id=8876, stack(0x0000002b52f00000,0x0000002b53000000)]
  0x0000019ef14db870 JavaThread "Unconstrained build operations Thread 83" [_thread_blocked, id=2000, stack(0x0000002b53000000,0x0000002b53100000)]
  0x0000019ef14d9f20 JavaThread "Unconstrained build operations Thread 84" [_thread_blocked, id=3408, stack(0x0000002b53100000,0x0000002b53200000)]
  0x0000019ef14d80c0 JavaThread "Unconstrained build operations Thread 85" [_thread_blocked, id=10792, stack(0x0000002b53200000,0x0000002b53300000)]
  0x0000019ef14d9a10 JavaThread "Unconstrained build operations Thread 86" [_thread_blocked, id=20100, stack(0x0000002b53300000,0x0000002b53400000)]
  0x0000019ef14da940 JavaThread "Unconstrained build operations Thread 87" [_thread_blocked, id=13088, stack(0x0000002b53400000,0x0000002b53500000)]
  0x0000019ef14dae50 JavaThread "Unconstrained build operations Thread 88" [_thread_blocked, id=18480, stack(0x0000002b53500000,0x0000002b53600000)]
  0x0000019ef14dc290 JavaThread "Unconstrained build operations Thread 89" [_thread_blocked, id=12404, stack(0x0000002b53600000,0x0000002b53700000)]
  0x0000019ef14de0f0 JavaThread "Unconstrained build operations Thread 90" [_thread_blocked, id=11268, stack(0x0000002b53700000,0x0000002b53800000)]
  0x0000019ef14dbd80 JavaThread "Unconstrained build operations Thread 91" [_thread_blocked, id=8124, stack(0x0000002b53800000,0x0000002b53900000)]
  0x0000019ef14ddbe0 JavaThread "Unconstrained build operations Thread 92" [_thread_blocked, id=4692, stack(0x0000002b53900000,0x0000002b53a00000)]
  0x0000019ef14d8ae0 JavaThread "Unconstrained build operations Thread 93" [_thread_blocked, id=18936, stack(0x0000002b53a00000,0x0000002b53b00000)]
  0x0000019ef14dccb0 JavaThread "Unconstrained build operations Thread 94" [_thread_blocked, id=9732, stack(0x0000002b53b00000,0x0000002b53c00000)]
  0x0000019ef14df530 JavaThread "Unconstrained build operations Thread 95" [_thread_blocked, id=6008, stack(0x0000002b53c00000,0x0000002b53d00000)]
  0x0000019ef14dc7a0 JavaThread "Unconstrained build operations Thread 96" [_thread_blocked, id=13252, stack(0x0000002b53d00000,0x0000002b53e00000)]
  0x0000019ef14de600 JavaThread "Unconstrained build operations Thread 97" [_thread_blocked, id=5024, stack(0x0000002b53e00000,0x0000002b53f00000)]
  0x0000019ef14dd1c0 JavaThread "Unconstrained build operations Thread 98" [_thread_blocked, id=4828, stack(0x0000002b53f00000,0x0000002b54000000)]
  0x0000019ef14dd6d0 JavaThread "Unconstrained build operations Thread 99" [_thread_blocked, id=18088, stack(0x0000002b54000000,0x0000002b54100000)]
  0x0000019ef14deb10 JavaThread "Unconstrained build operations Thread 100" [_thread_blocked, id=9364, stack(0x0000002b54100000,0x0000002b54200000)]
  0x0000019ef14df020 JavaThread "Unconstrained build operations Thread 101" [_thread_blocked, id=18528, stack(0x0000002b54200000,0x0000002b54300000)]
  0x0000019ef2612cd0 JavaThread "Unconstrained build operations Thread 102" [_thread_blocked, id=2692, stack(0x0000002b54300000,0x0000002b54400000)]
  0x0000019ef26136f0 JavaThread "Unconstrained build operations Thread 103" [_thread_blocked, id=10228, stack(0x0000002b54400000,0x0000002b54500000)]
  0x0000019ef2614110 JavaThread "Unconstrained build operations Thread 104" [_thread_blocked, id=2360, stack(0x0000002b54500000,0x0000002b54600000)]
  0x0000019ef2611380 JavaThread "Unconstrained build operations Thread 105" [_thread_blocked, id=11644, stack(0x0000002b54600000,0x0000002b54700000)]
  0x0000019ef2611da0 JavaThread "Unconstrained build operations Thread 106" [_thread_blocked, id=7000, stack(0x0000002b54700000,0x0000002b54800000)]
  0x0000019ef26131e0 JavaThread "Unconstrained build operations Thread 107" [_thread_blocked, id=5904, stack(0x0000002b54800000,0x0000002b54900000)]
  0x0000019ef2613c00 JavaThread "Unconstrained build operations Thread 108" [_thread_blocked, id=16796, stack(0x0000002b54900000,0x0000002b54a00000)]
  0x0000019ef26122b0 JavaThread "Unconstrained build operations Thread 109" [_thread_blocked, id=14448, stack(0x0000002b54a00000,0x0000002b54b00000)]
  0x0000019ef2615040 JavaThread "Unconstrained build operations Thread 110" [_thread_blocked, id=10720, stack(0x0000002b54b00000,0x0000002b54c00000)]
  0x0000019ef2614620 JavaThread "Unconstrained build operations Thread 111" [_thread_blocked, id=19220, stack(0x0000002b54c00000,0x0000002b54d00000)]
  0x0000019ef2614b30 JavaThread "Unconstrained build operations Thread 112" [_thread_blocked, id=5008, stack(0x0000002b54d00000,0x0000002b54e00000)]
  0x0000019ef2611890 JavaThread "Unconstrained build operations Thread 113" [_thread_blocked, id=8556, stack(0x0000002b54e00000,0x0000002b54f00000)]
  0x0000019ef26173b0 JavaThread "Unconstrained build operations Thread 114" [_thread_blocked, id=2620, stack(0x0000002b54f00000,0x0000002b55000000)]
  0x0000019ef26187f0 JavaThread "jar transforms Thread 2" [_thread_blocked, id=2828, stack(0x0000002b55000000,0x0000002b55100000)]
  0x0000019ef2616480 JavaThread "Exec process" [_thread_blocked, id=7596, stack(0x0000002b51d00000,0x0000002b51e00000)]
  0x0000019ef26178c0 JavaThread "Exec process Thread 2" [_thread_blocked, id=9512, stack(0x0000002b55100000,0x0000002b55200000)]
  0x0000019ef2616ea0 JavaThread "Exec process Thread 3" [_thread_blocked, id=2632, stack(0x0000002b55200000,0x0000002b55300000)]
  0x0000019ef2616990 JavaThread "jar transforms Thread 3" [_thread_blocked, id=18632, stack(0x0000002b4e900000,0x0000002b4ea00000)]
  0x0000019ef2615550 JavaThread "Unconstrained build operations Thread 115" [_thread_blocked, id=19832, stack(0x0000002b55400000,0x0000002b55500000)]
  0x0000019ef2615a60 JavaThread "Unconstrained build operations Thread 116" [_thread_blocked, id=17168, stack(0x0000002b55500000,0x0000002b55600000)]
  0x0000019ef2615f70 JavaThread "Unconstrained build operations Thread 117" [_thread_blocked, id=14700, stack(0x0000002b55600000,0x0000002b55700000)]
  0x0000019ef26182e0 JavaThread "Unconstrained build operations Thread 118" [_thread_blocked, id=19428, stack(0x0000002b55700000,0x0000002b55800000)]
  0x0000019ef1819a00 JavaThread "Unconstrained build operations Thread 119" [_thread_blocked, id=12176, stack(0x0000002b55800000,0x0000002b55900000)]
  0x0000019ef1819f10 JavaThread "Unconstrained build operations Thread 120" [_thread_blocked, id=19084, stack(0x0000002b55900000,0x0000002b55a00000)]
  0x0000019ef1818fe0 JavaThread "jar transforms Thread 4" [_thread_blocked, id=20136, stack(0x0000002b55b00000,0x0000002b55c00000)]
  0x0000019ef18194f0 JavaThread "jar transforms Thread 5" [_thread_blocked, id=19444, stack(0x0000002b55300000,0x0000002b55400000)]
  0x0000019ef1818ad0 JavaThread "jar transforms Thread 6" [_thread_blocked, id=11208, stack(0x0000002b55a00000,0x0000002b55b00000)]
  0x0000019ef181d1b0 JavaThread "Problems report writer" [_thread_blocked, id=12604, stack(0x0000002b56000000,0x0000002b56100000)]
  0x0000019ef181c280 JavaThread "build event listener" [_thread_blocked, id=9008, stack(0x0000002b56100000,0x0000002b56200000)]
  0x0000019ef181e0e0 JavaThread "jar transforms Thread 7" [_thread_blocked, id=20392, stack(0x0000002b56200000,0x0000002b56300000)]
  0x0000019ef181f520 JavaThread "jar transforms Thread 8" [_thread_blocked, id=17444, stack(0x0000002b56300000,0x0000002b56400000)]
  0x0000019ef181e5f0 JavaThread "jar transforms Thread 9" [_thread_blocked, id=12620, stack(0x0000002b56400000,0x0000002b56500000)]
  0x0000019ef181eb00 JavaThread "jar transforms Thread 10" [_thread_blocked, id=11160, stack(0x0000002b56500000,0x0000002b56600000)]
  0x0000019ef20e20b0 JavaThread "jar transforms Thread 11" [_thread_blocked, id=20308, stack(0x0000002b56600000,0x0000002b56700000)]
  0x0000019ef468d580 JavaThread "jar transforms Thread 12" [_thread_blocked, id=5396, stack(0x0000002b56800000,0x0000002b56900000)]
  0x0000019ef468e9c0 JavaThread "ForkJoinPool.commonPool-worker-11" daemon [_thread_blocked, id=5276, stack(0x0000002b55f00000,0x0000002b56000000)]
  0x0000019ef4693fd0 JavaThread "pool-3-thread-1" [_thread_blocked, id=19744, stack(0x0000002b48800000,0x0000002b48900000)]
  0x0000019ef46944e0 JavaThread "build event listener" [_thread_blocked, id=9828, stack(0x0000002b48900000,0x0000002b48a00000)]
  0x0000019ef4694f00 JavaThread "Cache worker for execution history cache (D:\Sriram\Practise\MissFish\android\.gradle\8.14.1\executionHistory)" [_thread_blocked, id=18972, stack(0x0000002b48a00000,0x0000002b48b00000)]
  0x0000019ef46935b0 JavaThread "WorkerExecutor Queue" [_thread_blocked, id=11368, stack(0x0000002b56a00000,0x0000002b56b00000)]
  0x0000019ef4695920 JavaThread "WorkerExecutor Queue Thread 2" [_thread_blocked, id=17844, stack(0x0000002b56b00000,0x0000002b56c00000)]
  0x0000019ef4695410 JavaThread "WorkerExecutor Queue Thread 4" [_thread_blocked, id=1496, stack(0x0000002b56d00000,0x0000002b56e00000)]
  0x0000019ef4692170 JavaThread "WorkerExecutor Queue Thread 5" [_thread_blocked, id=7868, stack(0x0000002b56e00000,0x0000002b56f00000)]
  0x0000019ef4692680 JavaThread "WorkerExecutor Queue Thread 7" [_thread_blocked, id=2388, stack(0x0000002b57000000,0x0000002b57100000)]
  0x0000019ef46990d0 JavaThread "WorkerExecutor Queue Thread 8" [_thread_blocked, id=10848, stack(0x0000002b57100000,0x0000002b57200000)]
  0x0000019ef46995e0 JavaThread "WorkerExecutor Queue Thread 9" [_thread_blocked, id=16772, stack(0x0000002b57200000,0x0000002b57300000)]
  0x0000019ef4699af0 JavaThread "WorkerExecutor Queue Thread 10" [_thread_blocked, id=12812, stack(0x0000002b57300000,0x0000002b57400000)]
  0x0000019ef4696340 JavaThread "WorkerExecutor Queue Thread 11" [_thread_in_native, id=16596, stack(0x0000002b57400000,0x0000002b57500000)]
  0x0000019ef469a000 JavaThread "WorkerExecutor Queue Thread 12" [_thread_blocked, id=12000, stack(0x0000002b57500000,0x0000002b57600000)]
  0x0000019ef4692b90 JavaThread "WorkerExecutor Queue Thread 14" [_thread_blocked, id=2772, stack(0x0000002b4f400000,0x0000002b4f500000)]
  0x0000019ef4696850 JavaThread "WorkerExecutor Queue Thread 15" [_thread_blocked, id=17664, stack(0x0000002b56900000,0x0000002b56a00000)]
  0x0000019ef4697c90 JavaThread "Exec process Thread 4" [_thread_blocked, id=12408, stack(0x0000002b56c00000,0x0000002b56d00000)]
  0x0000019ef4697270 JavaThread "Exec process Thread 5" [_thread_blocked, id=13112, stack(0x0000002b57600000,0x0000002b57700000)]
  0x0000019ef469a510 JavaThread "Exec process Thread 6" [_thread_blocked, id=19568, stack(0x0000002b57700000,0x0000002b57800000)]
  0x0000019ef4697780 JavaThread "Exec process Thread 7" [_thread_blocked, id=17668, stack(0x0000002b57800000,0x0000002b57900000)]
  0x0000019ef4698bc0 JavaThread "Exec process Thread 8" [_thread_blocked, id=18840, stack(0x0000002b57900000,0x0000002b57a00000)]
  0x0000019ef4696d60 JavaThread "Exec process Thread 9" [_thread_blocked, id=15668, stack(0x0000002b57a00000,0x0000002b57b00000)]
  0x0000019ef469b950 JavaThread "Exec process Thread 10" [_thread_blocked, id=15932, stack(0x0000002b57b00000,0x0000002b57c00000)]
  0x0000019ef469be60 JavaThread "Exec process Thread 11" [_thread_blocked, id=6320, stack(0x0000002b57c00000,0x0000002b57d00000)]
  0x0000019ef469c370 JavaThread "Exec process Thread 12" [_thread_blocked, id=20356, stack(0x0000002b57d00000,0x0000002b57e00000)]
  0x0000019ef469c880 JavaThread "Exec process Thread 13" [_thread_blocked, id=19808, stack(0x0000002b57e00000,0x0000002b57f00000)]
  0x0000019ef469b440 JavaThread "Exec process Thread 14" [_thread_blocked, id=11416, stack(0x0000002b57f00000,0x0000002b58000000)]
  0x0000019ef469cd90 JavaThread "Exec process Thread 15" [_thread_blocked, id=12556, stack(0x0000002b58000000,0x0000002b58100000)]
  0x0000019ef469aa20 JavaThread "Exec process Thread 16" [_thread_blocked, id=10932, stack(0x0000002b58100000,0x0000002b58200000)]
  0x0000019ef469d2a0 JavaThread "Exec process Thread 17" [_thread_blocked, id=14392, stack(0x0000002b58200000,0x0000002b58300000)]
  0x0000019ef469d7b0 JavaThread "Exec process Thread 18" [_thread_blocked, id=11680, stack(0x0000002b58300000,0x0000002b58400000)]
  0x0000019ef469af30 JavaThread "Exec process Thread 19" [_thread_blocked, id=11800, stack(0x0000002b58400000,0x0000002b58500000)]
  0x0000019ef1b75e70 JavaThread "Exec process Thread 20" [_thread_blocked, id=5596, stack(0x0000002b58600000,0x0000002b58700000)]
  0x0000019ef1b76380 JavaThread "Exec process Thread 21" [_thread_blocked, id=13424, stack(0x0000002b58700000,0x0000002b58800000)]
  0x0000019ef1b76890 JavaThread "Exec process Thread 22" [_thread_blocked, id=2848, stack(0x0000002b58a00000,0x0000002b58b00000)]
  0x0000019ef181a420 JavaThread "Exec process Thread 23" [_thread_blocked, id=11836, stack(0x0000002b58b00000,0x0000002b58c00000)]
  0x0000019ef181b860 JavaThread "Exec process Thread 24" [_thread_blocked, id=18708, stack(0x0000002b58c00000,0x0000002b58d00000)]
  0x0000019ef20e0c70 JavaThread "Exec process Thread 25" [_thread_blocked, id=12440, stack(0x0000002b58d00000,0x0000002b58e00000)]
  0x0000019ef20e6ca0 JavaThread "Exec process Thread 26" [_thread_blocked, id=17772, stack(0x0000002b58e00000,0x0000002b58f00000)]
  0x0000019ef2618d00 JavaThread "Exec process Thread 27" [_thread_blocked, id=10564, stack(0x0000002b58f00000,0x0000002b59000000)]
  0x0000019ef14d85d0 JavaThread "Exec process Thread 28" [_thread_blocked, id=10632, stack(0x0000002b59000000,0x0000002b59100000)]
  0x0000019efcf69ec0 JavaThread "Exec process Thread 29" [_thread_blocked, id=1236, stack(0x0000002b59100000,0x0000002b59200000)]
  0x0000019efcf68060 JavaThread "Exec process Thread 30" [_thread_blocked, id=18820, stack(0x0000002b59200000,0x0000002b59300000)]
  0x0000019efcf699b0 JavaThread "Exec process Thread 31" [_thread_blocked, id=12800, stack(0x0000002b59300000,0x0000002b59400000)]
  0x0000019efcf694a0 JavaThread "Exec process Thread 32" [_thread_blocked, id=14620, stack(0x0000002b59400000,0x0000002b59500000)]
  0x0000019efcf6a3d0 JavaThread "Exec process Thread 33" [_thread_blocked, id=12280, stack(0x0000002b59500000,0x0000002b59600000)]
  0x0000019efcf68f90 JavaThread "RMI Scheduler(0)" daemon [_thread_blocked, id=7200, stack(0x0000002b4f500000,0x0000002b4f600000)]
  0x0000019efcf6a8e0 JavaThread "RMI RenewClean-[127.0.0.1:17821,org.jetbrains.kotlin.daemon.common.LoopbackNetworkInterface$ClientLoopbackSocketFactory@6e8ecf0e]" daemon [_thread_blocked, id=4772, stack(0x0000002b55c00000,0x0000002b55d00000)]
  0x0000019efcf68570 JavaThread "RMI GC Daemon" daemon [_thread_blocked, id=13196, stack(0x0000002b58500000,0x0000002b58600000)]
  0x0000019efcf6d160 JavaThread "RMI RenewClean-[127.0.0.1:17821,org.jetbrains.kotlin.daemon.common.LoopbackNetworkInterface$ClientLoopbackSocketFactory@20933487]" daemon [_thread_blocked, id=13300, stack(0x0000002b59700000,0x0000002b59800000)]
  0x0000019efcf6c230 JavaThread "RMI TCP Accept-0" daemon [_thread_in_native, id=1828, stack(0x0000002b59800000,0x0000002b59900000)]
  0x0000019efcf6c740 JavaThread "RMI Reaper" [_thread_blocked, id=12712, stack(0x0000002b59900000,0x0000002b59a00000)]
  0x0000019efcf6cc50 JavaThread "RMI TCP Connection(10)-127.0.0.1" daemon [_thread_in_native, id=16072, stack(0x0000002b59b00000,0x0000002b59c00000)]
  0x0000019efcf6adf0 JavaThread "RMI TCP Connection(idle)" daemon [_thread_blocked, id=19704, stack(0x0000002b59c00000,0x0000002b59d00000)]
  0x0000019efcf6e5a0 JavaThread "RMI RenewClean-[127.0.0.1:17821,org.jetbrains.kotlin.daemon.common.LoopbackNetworkInterface$ClientLoopbackSocketFactory@3590a31d]" daemon [_thread_blocked, id=6052, stack(0x0000002b59d00000,0x0000002b59e00000)]
  0x0000019efcf6d670 JavaThread "RMI TCP Connection(8)-127.0.0.1" daemon [_thread_in_native, id=19408, stack(0x0000002b59e00000,0x0000002b59f00000)]
  0x0000019efcf6eab0 JavaThread "RMI RenewClean-[127.0.0.1:17821,org.jetbrains.kotlin.daemon.common.LoopbackNetworkInterface$ClientLoopbackSocketFactory@7c0ef62f]" daemon [_thread_blocked, id=20004, stack(0x0000002b59f00000,0x0000002b5a000000)]
  0x0000019efcf6db80 JavaThread "RMI TCP Connection(9)-127.0.0.1" daemon [_thread_in_native, id=19148, stack(0x0000002b5a000000,0x0000002b5a100000)]
  0x0000019efcf6b300 JavaThread "Cache worker for Java compile cache (C:\Users\iFocus\.gradle\caches\8.14.1\javaCompile)" [_thread_blocked, id=10532, stack(0x0000002b5a100000,0x0000002b5a200000)]
  0x0000019efcf70400 JavaThread "Build operations" [_thread_blocked, id=10336, stack(0x0000002b56f00000,0x0000002b57000000)]
  0x0000019efcf72770 JavaThread "Build operations Thread 2" [_thread_blocked, id=19524, stack(0x0000002b59a00000,0x0000002b59b00000)]
  0x0000019efcf70910 JavaThread "Build operations Thread 3" [_thread_blocked, id=15124, stack(0x0000002b5a200000,0x0000002b5a300000)]
  0x0000019efcf71330 JavaThread "Build operations Thread 4" [_thread_blocked, id=1120, stack(0x0000002b5a300000,0x0000002b5a400000)]
  0x0000019efcf70e20 JavaThread "Build operations Thread 5" [_thread_blocked, id=19584, stack(0x0000002b5a400000,0x0000002b5a500000)]
  0x0000019efcf71840 JavaThread "Build operations Thread 6" [_thread_blocked, id=948, stack(0x0000002b5a500000,0x0000002b5a600000)]
  0x0000019efcf71d50 JavaThread "Build operations Thread 7" [_thread_blocked, id=616, stack(0x0000002b5a600000,0x0000002b5a700000)]
  0x0000019efcf72260 JavaThread "Build operations Thread 8" [_thread_blocked, id=9172, stack(0x0000002b5a700000,0x0000002b5a800000)]
  0x0000019efcf72c80 JavaThread "Build operations Thread 9" [_thread_blocked, id=16552, stack(0x0000002b5a800000,0x0000002b5a900000)]
  0x0000019efcf6f4d0 JavaThread "Build operations Thread 10" [_thread_blocked, id=3488, stack(0x0000002b5a900000,0x0000002b5aa00000)]
  0x0000019efcf736a0 JavaThread "Build operations Thread 11" [_thread_blocked, id=2660, stack(0x0000002b5aa00000,0x0000002b5ab00000)]
  0x0000019efcf74ff0 JavaThread "Build operations Thread 12" [_thread_blocked, id=11780, stack(0x0000002b5ac00000,0x0000002b5ad00000)]
  0x0000019efde429f0 JavaThread "C2 CompilerThread1" daemon [_thread_blocked, id=13308, stack(0x0000002b4f000000,0x0000002b4f100000)]
  0x0000019efde42f40 JavaThread "C2 CompilerThread2" daemon [_thread_blocked, id=6924, stack(0x0000002b4f600000,0x0000002b4f700000)]

Other Threads:
=>0x0000019ee9570200 VMThread "VM Thread" [stack: 0x0000002b49100000,0x0000002b49200000] [id=3780]
  0x0000019ecaf41b80 WatcherThread [stack: 0x0000002b49d00000,0x0000002b49e00000] [id=18468]
  0x0000019ecaf241a0 GCTaskThread "GC Thread#0" [stack: 0x0000002b48c00000,0x0000002b48d00000] [id=16884]
  0x0000019ee9a9ec30 GCTaskThread "GC Thread#1" [stack: 0x0000002b4a000000,0x0000002b4a100000] [id=15916]
  0x0000019ee988a850 GCTaskThread "GC Thread#2" [stack: 0x0000002b4a100000,0x0000002b4a200000] [id=16144]
  0x0000019eee52af00 GCTaskThread "GC Thread#3" [stack: 0x0000002b4a200000,0x0000002b4a300000] [id=8140]
  0x0000019eee0640a0 GCTaskThread "GC Thread#4" [stack: 0x0000002b4a300000,0x0000002b4a400000] [id=9208]
  0x0000019eee064360 GCTaskThread "GC Thread#5" [stack: 0x0000002b4a400000,0x0000002b4a500000] [id=5612]
  0x0000019ef05afdc0 GCTaskThread "GC Thread#6" [stack: 0x0000002b4b400000,0x0000002b4b500000] [id=11712]
  0x0000019ef05b13c0 GCTaskThread "GC Thread#7" [stack: 0x0000002b4b500000,0x0000002b4b600000] [id=14144]
  0x0000019ef05b0080 GCTaskThread "GC Thread#8" [stack: 0x0000002b4b600000,0x0000002b4b700000] [id=14180]
  0x0000019ef05b0600 GCTaskThread "GC Thread#9" [stack: 0x0000002b4b700000,0x0000002b4b800000] [id=7984]
  0x0000019ecaf35000 ConcurrentGCThread "G1 Main Marker" [stack: 0x0000002b48d00000,0x0000002b48e00000] [id=6436]
  0x0000019ecaf365f0 ConcurrentGCThread "G1 Conc#0" [stack: 0x0000002b48e00000,0x0000002b48f00000] [id=5456]
  0x0000019ef05b0e40 ConcurrentGCThread "G1 Conc#1" [stack: 0x0000002b4b800000,0x0000002b4b900000] [id=5724]
  0x0000019ef05afb00 ConcurrentGCThread "G1 Conc#2" [stack: 0x0000002b4b900000,0x0000002b4ba00000] [id=1744]
  0x0000019ee942e5d0 ConcurrentGCThread "G1 Refine#0" [stack: 0x0000002b48f00000,0x0000002b49000000] [id=8760]
  0x0000019eefaeaa30 ConcurrentGCThread "G1 Refine#1" [stack: 0x0000002b56700000,0x0000002b56800000] [id=11916]
  0x0000019ee942ecb0 ConcurrentGCThread "G1 Service" [stack: 0x0000002b49000000,0x0000002b49100000] [id=18000]

Threads with active compile tasks:
C2 CompilerThread0   121961 31852       4       com.android.tools.r8.internal.AA::a (911 bytes)
C2 CompilerThread1   121961 31858       4       java.util.HashMap$Values::iterator (12 bytes)
C2 CompilerThread2   121961 31856       4       com.android.tools.r8.internal.Uv0::a (76 bytes)

VM state: at safepoint (normal execution)

VM Mutex/Monitor currently owned by a thread:  ([mutex/lock_event])
[0x0000019ecaebfc00] Threads_lock - owner thread: 0x0000019ee9570200
[0x0000019ecaec1160] Heap_lock - owner thread: 0x0000019ecaf35000

Heap address: 0x0000000080000000, size: 2048 MB, Compressed Oops mode: 32-bit

CDS archive(s) mapped at: [0x0000019e80000000-0x0000019e80bd0000-0x0000019e80bd0000), size 12386304, SharedBaseAddress: 0x0000019e80000000, ArchiveRelocationMode: 1.
Compressed class space mapped at: 0x0000019e81000000-0x0000019e9b000000, reserved size: 436207616
Narrow klass base: 0x0000019e80000000, Narrow klass shift: 0, Narrow klass range: 0x100000000

GC Precious Log:
 CPUs: 12 total, 12 available
 Memory: 16055M
 Large Page Support: Disabled
 NUMA Support: Disabled
 Compressed Oops: Enabled (32-bit)
 Heap Region Size: 1M
 Heap Min Capacity: 8M
 Heap Initial Capacity: 252M
 Heap Max Capacity: 2G
 Pre-touch: Disabled
 Parallel Workers: 10
 Concurrent Workers: 3
 Concurrent Refinement Workers: 10
 Periodic GC: Disabled

Heap:
 garbage-first heap   total 466944K, used 404320K [0x0000000080000000, 0x0000000100000000)
  region size 1024K, 7 young (7168K), 2 survivors (2048K)
 Metaspace       used 164150K, committed 167296K, reserved 622592K
  class space    used 21954K, committed 23040K, reserved 425984K

Heap Regions: E=young(eden), S=young(survivor), O=old, HS=humongous(starts), HC=humongous(continues), CS=collection set, F=free, OA=open archive, CA=closed archive, TAMS=top-at-mark-start (previous, next)
|   0|0x0000000080000000, 0x0000000080100000, 0x0000000080100000|100%|HS|  |TAMS 0x0000000080100000, 0x0000000080000000| Complete 
|   1|0x0000000080100000, 0x0000000080200000, 0x0000000080200000|100%|HC|  |TAMS 0x0000000080200000, 0x0000000080100000| Complete 
|   2|0x0000000080200000, 0x0000000080300000, 0x0000000080300000|100%|HC|  |TAMS 0x0000000080300000, 0x0000000080200000| Complete 
|   3|0x0000000080300000, 0x0000000080400000, 0x0000000080400000|100%| O|  |TAMS 0x0000000080400000, 0x0000000080300000| Untracked 
|   4|0x0000000080400000, 0x0000000080500000, 0x0000000080500000|100%| O|  |TAMS 0x0000000080500000, 0x0000000080400000| Untracked 
|   5|0x0000000080500000, 0x0000000080600000, 0x0000000080600000|100%| O|  |TAMS 0x0000000080600000, 0x0000000080500000| Untracked 
|   6|0x0000000080600000, 0x0000000080700000, 0x0000000080700000|100%|HS|  |TAMS 0x0000000080700000, 0x0000000080600000| Complete 
|   7|0x0000000080700000, 0x0000000080800000, 0x0000000080800000|100%| O|  |TAMS 0x0000000080800000, 0x0000000080700000| Untracked 
|   8|0x0000000080800000, 0x0000000080900000, 0x0000000080900000|100%| O|  |TAMS 0x0000000080900000, 0x0000000080800000| Untracked 
|   9|0x0000000080900000, 0x0000000080a00000, 0x0000000080a00000|100%| O|  |TAMS 0x0000000080a00000, 0x0000000080900000| Untracked 
|  10|0x0000000080a00000, 0x0000000080b00000, 0x0000000080b00000|100%| O|  |TAMS 0x0000000080b00000, 0x0000000080a00000| Untracked 
|  11|0x0000000080b00000, 0x0000000080c00000, 0x0000000080c00000|100%| O|  |TAMS 0x0000000080c00000, 0x0000000080b00000| Untracked 
|  12|0x0000000080c00000, 0x0000000080d00000, 0x0000000080d00000|100%| O|  |TAMS 0x0000000080d00000, 0x0000000080c00000| Untracked 
|  13|0x0000000080d00000, 0x0000000080e00000, 0x0000000080e00000|100%| O|  |TAMS 0x0000000080e00000, 0x0000000080d00000| Untracked 
|  14|0x0000000080e00000, 0x0000000080f00000, 0x0000000080f00000|100%| O|  |TAMS 0x0000000080f00000, 0x0000000080e00000| Untracked 
|  15|0x0000000080f00000, 0x0000000081000000, 0x0000000081000000|100%| O|  |TAMS 0x0000000081000000, 0x0000000080f00000| Untracked 
|  16|0x0000000081000000, 0x0000000081100000, 0x0000000081100000|100%| O|  |TAMS 0x0000000081100000, 0x0000000081000000| Untracked 
|  17|0x0000000081100000, 0x0000000081200000, 0x0000000081200000|100%| O|  |TAMS 0x0000000081200000, 0x0000000081100000| Untracked 
|  18|0x0000000081200000, 0x0000000081300000, 0x0000000081300000|100%| O|  |TAMS 0x0000000081300000, 0x0000000081200000| Untracked 
|  19|0x0000000081300000, 0x0000000081400000, 0x0000000081400000|100%| O|  |TAMS 0x0000000081400000, 0x0000000081300000| Untracked 
|  20|0x0000000081400000, 0x0000000081500000, 0x0000000081500000|100%| O|  |TAMS 0x0000000081500000, 0x0000000081400000| Untracked 
|  21|0x0000000081500000, 0x0000000081600000, 0x0000000081600000|100%| O|  |TAMS 0x0000000081600000, 0x0000000081500000| Untracked 
|  22|0x0000000081600000, 0x0000000081700000, 0x0000000081700000|100%| O|  |TAMS 0x0000000081700000, 0x0000000081600000| Untracked 
|  23|0x0000000081700000, 0x0000000081800000, 0x0000000081800000|100%| O|  |TAMS 0x0000000081800000, 0x0000000081700000| Untracked 
|  24|0x0000000081800000, 0x0000000081900000, 0x0000000081900000|100%| O|  |TAMS 0x0000000081900000, 0x0000000081800000| Untracked 
|  25|0x0000000081900000, 0x0000000081a00000, 0x0000000081a00000|100%| O|  |TAMS 0x0000000081a00000, 0x0000000081900000| Updating 
|  26|0x0000000081a00000, 0x0000000081b00000, 0x0000000081b00000|100%| O|  |TAMS 0x0000000081b00000, 0x0000000081a00000| Updating 
|  27|0x0000000081b00000, 0x0000000081c00000, 0x0000000081c00000|100%| O|  |TAMS 0x0000000081c00000, 0x0000000081b00000| Updating 
|  28|0x0000000081c00000, 0x0000000081d00000, 0x0000000081d00000|100%| O|  |TAMS 0x0000000081d00000, 0x0000000081c00000| Untracked 
|  29|0x0000000081d00000, 0x0000000081e00000, 0x0000000081e00000|100%| O|  |TAMS 0x0000000081e00000, 0x0000000081d00000| Updating 
|  30|0x0000000081e00000, 0x0000000081f00000, 0x0000000081f00000|100%| O|  |TAMS 0x0000000081f00000, 0x0000000081e00000| Updating 
|  31|0x0000000081f00000, 0x0000000082000000, 0x0000000082000000|100%| O|  |TAMS 0x0000000082000000, 0x0000000081f00000| Untracked 
|  32|0x0000000082000000, 0x0000000082100000, 0x0000000082100000|100%| O|  |TAMS 0x0000000082100000, 0x0000000082000000| Updating 
|  33|0x0000000082100000, 0x0000000082200000, 0x0000000082200000|100%| O|  |TAMS 0x0000000082200000, 0x0000000082100000| Untracked 
|  34|0x0000000082200000, 0x0000000082300000, 0x0000000082300000|100%| O|  |TAMS 0x0000000082300000, 0x0000000082200000| Untracked 
|  35|0x0000000082300000, 0x0000000082400000, 0x0000000082400000|100%| O|  |TAMS 0x0000000082400000, 0x0000000082300000| Updating 
|  36|0x0000000082400000, 0x0000000082500000, 0x0000000082500000|100%| O|  |TAMS 0x0000000082500000, 0x0000000082400000| Updating 
|  37|0x0000000082500000, 0x0000000082600000, 0x0000000082600000|100%|HS|  |TAMS 0x0000000082600000, 0x0000000082500000| Complete 
|  38|0x0000000082600000, 0x0000000082700000, 0x0000000082700000|100%|HC|  |TAMS 0x0000000082700000, 0x0000000082600000| Complete 
|  39|0x0000000082700000, 0x0000000082800000, 0x0000000082800000|100%|HC|  |TAMS 0x0000000082800000, 0x0000000082700000| Complete 
|  40|0x0000000082800000, 0x0000000082900000, 0x0000000082900000|100%|HS|  |TAMS 0x0000000082900000, 0x0000000082800000| Complete 
|  41|0x0000000082900000, 0x0000000082a00000, 0x0000000082a00000|100%|HC|  |TAMS 0x0000000082a00000, 0x0000000082900000| Complete 
|  42|0x0000000082a00000, 0x0000000082b00000, 0x0000000082b00000|100%|HC|  |TAMS 0x0000000082b00000, 0x0000000082a00000| Complete 
|  43|0x0000000082b00000, 0x0000000082c00000, 0x0000000082c00000|100%| O|  |TAMS 0x0000000082c00000, 0x0000000082b00000| Updating 
|  44|0x0000000082c00000, 0x0000000082d00000, 0x0000000082d00000|100%| O|  |TAMS 0x0000000082d00000, 0x0000000082c00000| Untracked 
|  45|0x0000000082d00000, 0x0000000082e00000, 0x0000000082e00000|100%| O|  |TAMS 0x0000000082e00000, 0x0000000082d00000| Updating 
|  46|0x0000000082e00000, 0x0000000082f00000, 0x0000000082f00000|100%| O|  |TAMS 0x0000000082f00000, 0x0000000082e00000| Untracked 
|  47|0x0000000082f00000, 0x0000000083000000, 0x0000000083000000|100%| O|  |TAMS 0x0000000083000000, 0x0000000082f00000| Updating 
|  48|0x0000000083000000, 0x0000000083100000, 0x0000000083100000|100%| O|  |TAMS 0x0000000083100000, 0x0000000083000000| Updating 
|  49|0x0000000083100000, 0x0000000083200000, 0x0000000083200000|100%| O|  |TAMS 0x0000000083200000, 0x0000000083100000| Untracked 
|  50|0x0000000083200000, 0x0000000083300000, 0x0000000083300000|100%| O|  |TAMS 0x0000000083300000, 0x0000000083200000| Updating 
|  51|0x0000000083300000, 0x0000000083400000, 0x0000000083400000|100%| O|  |TAMS 0x0000000083400000, 0x0000000083300000| Updating 
|  52|0x0000000083400000, 0x0000000083500000, 0x0000000083500000|100%| O|  |TAMS 0x0000000083500000, 0x0000000083400000| Updating 
|  53|0x0000000083500000, 0x0000000083600000, 0x0000000083600000|100%| O|  |TAMS 0x0000000083600000, 0x0000000083500000| Updating 
|  54|0x0000000083600000, 0x0000000083700000, 0x0000000083700000|100%| O|  |TAMS 0x0000000083700000, 0x0000000083600000| Untracked 
|  55|0x0000000083700000, 0x0000000083800000, 0x0000000083800000|100%| O|  |TAMS 0x0000000083800000, 0x0000000083700000| Untracked 
|  56|0x0000000083800000, 0x0000000083900000, 0x0000000083900000|100%| O|  |TAMS 0x0000000083900000, 0x0000000083800000| Untracked 
|  57|0x0000000083900000, 0x0000000083a00000, 0x0000000083a00000|100%| O|  |TAMS 0x0000000083a00000, 0x0000000083900000| Updating 
|  58|0x0000000083a00000, 0x0000000083b00000, 0x0000000083b00000|100%| O|  |TAMS 0x0000000083b00000, 0x0000000083a00000| Updating 
|  59|0x0000000083b00000, 0x0000000083c00000, 0x0000000083c00000|100%| O|  |TAMS 0x0000000083c00000, 0x0000000083b00000| Updating 
|  60|0x0000000083c00000, 0x0000000083d00000, 0x0000000083d00000|100%| O|  |TAMS 0x0000000083d00000, 0x0000000083c00000| Updating 
|  61|0x0000000083d00000, 0x0000000083e00000, 0x0000000083e00000|100%| O|  |TAMS 0x0000000083e00000, 0x0000000083d00000| Untracked 
|  62|0x0000000083e00000, 0x0000000083f00000, 0x0000000083f00000|100%| O|  |TAMS 0x0000000083f00000, 0x0000000083e00000| Untracked 
|  63|0x0000000083f00000, 0x0000000084000000, 0x0000000084000000|100%| O|  |TAMS 0x0000000084000000, 0x0000000083f00000| Untracked 
|  64|0x0000000084000000, 0x0000000084100000, 0x0000000084100000|100%| O|  |TAMS 0x0000000084100000, 0x0000000084000000| Updating 
|  65|0x0000000084100000, 0x0000000084200000, 0x0000000084200000|100%| O|  |TAMS 0x0000000084200000, 0x0000000084100000| Updating 
|  66|0x0000000084200000, 0x0000000084300000, 0x0000000084300000|100%| O|  |TAMS 0x0000000084300000, 0x0000000084200000| Updating 
|  67|0x0000000084300000, 0x0000000084400000, 0x0000000084400000|100%| O|  |TAMS 0x0000000084400000, 0x0000000084300000| Untracked 
|  68|0x0000000084400000, 0x0000000084500000, 0x0000000084500000|100%| O|  |TAMS 0x0000000084500000, 0x0000000084400000| Untracked 
|  69|0x0000000084500000, 0x0000000084600000, 0x0000000084600000|100%|HS|  |TAMS 0x0000000084600000, 0x0000000084500000| Complete 
|  70|0x0000000084600000, 0x0000000084700000, 0x0000000084700000|100%|HS|  |TAMS 0x0000000084700000, 0x0000000084600000| Complete 
|  71|0x0000000084700000, 0x0000000084800000, 0x0000000084800000|100%|HS|  |TAMS 0x0000000084800000, 0x0000000084700000| Complete 
|  72|0x0000000084800000, 0x0000000084900000, 0x0000000084900000|100%| O|  |TAMS 0x0000000084900000, 0x0000000084800000| Updating 
|  73|0x0000000084900000, 0x0000000084a00000, 0x0000000084a00000|100%| O|  |TAMS 0x0000000084a00000, 0x0000000084900000| Untracked 
|  74|0x0000000084a00000, 0x0000000084b00000, 0x0000000084b00000|100%| O|  |TAMS 0x0000000084b00000, 0x0000000084a00000| Untracked 
|  75|0x0000000084b00000, 0x0000000084c00000, 0x0000000084c00000|100%| O|  |TAMS 0x0000000084c00000, 0x0000000084b00000| Untracked 
|  76|0x0000000084c00000, 0x0000000084d00000, 0x0000000084d00000|100%|HS|  |TAMS 0x0000000084d00000, 0x0000000084c00000| Complete 
|  77|0x0000000084d00000, 0x0000000084e00000, 0x0000000084e00000|100%| O|  |TAMS 0x0000000084e00000, 0x0000000084d00000| Updating 
|  78|0x0000000084e00000, 0x0000000084f00000, 0x0000000084f00000|100%| O|  |TAMS 0x0000000084f00000, 0x0000000084e00000| Untracked 
|  79|0x0000000084f00000, 0x0000000085000000, 0x0000000085000000|100%| O|  |TAMS 0x0000000085000000, 0x0000000084f00000| Updating 
|  80|0x0000000085000000, 0x0000000085100000, 0x0000000085100000|100%| O|  |TAMS 0x0000000085100000, 0x0000000085000000| Untracked 
|  81|0x0000000085100000, 0x0000000085200000, 0x0000000085200000|100%| O|  |TAMS 0x0000000085200000, 0x0000000085100000| Updating 
|  82|0x0000000085200000, 0x0000000085300000, 0x0000000085300000|100%|HS|  |TAMS 0x0000000085300000, 0x0000000085200000| Complete 
|  83|0x0000000085300000, 0x0000000085400000, 0x0000000085400000|100%|HS|  |TAMS 0x0000000085400000, 0x0000000085300000| Complete 
|  84|0x0000000085400000, 0x0000000085500000, 0x0000000085500000|100%| O|  |TAMS 0x0000000085500000, 0x0000000085400000| Untracked 
|  85|0x0000000085500000, 0x0000000085600000, 0x0000000085600000|100%|HS|  |TAMS 0x0000000085600000, 0x0000000085500000| Complete 
|  86|0x0000000085600000, 0x0000000085700000, 0x0000000085700000|100%|HS|  |TAMS 0x0000000085700000, 0x0000000085600000| Complete 
|  87|0x0000000085700000, 0x0000000085800000, 0x0000000085800000|100%|HS|  |TAMS 0x0000000085800000, 0x0000000085700000| Complete 
|  88|0x0000000085800000, 0x0000000085900000, 0x0000000085900000|100%|HC|  |TAMS 0x0000000085900000, 0x0000000085800000| Complete 
|  89|0x0000000085900000, 0x0000000085a00000, 0x0000000085a00000|100%|HC|  |TAMS 0x0000000085a00000, 0x0000000085900000| Complete 
|  90|0x0000000085a00000, 0x0000000085b00000, 0x0000000085b00000|100%|HS|  |TAMS 0x0000000085b00000, 0x0000000085a00000| Complete 
|  91|0x0000000085b00000, 0x0000000085c00000, 0x0000000085c00000|100%| O|  |TAMS 0x0000000085c00000, 0x0000000085b00000| Untracked 
|  92|0x0000000085c00000, 0x0000000085d00000, 0x0000000085d00000|100%| O|  |TAMS 0x0000000085d00000, 0x0000000085c00000| Untracked 
|  93|0x0000000085d00000, 0x0000000085e00000, 0x0000000085e00000|100%| O|  |TAMS 0x0000000085e00000, 0x0000000085d00000| Updating 
|  94|0x0000000085e00000, 0x0000000085f00000, 0x0000000085f00000|100%| O|  |TAMS 0x0000000085f00000, 0x0000000085e00000| Untracked 
|  95|0x0000000085f00000, 0x0000000086000000, 0x0000000086000000|100%| O|  |TAMS 0x0000000086000000, 0x0000000085f00000| Updating 
|  96|0x0000000086000000, 0x0000000086100000, 0x0000000086100000|100%| O|  |TAMS 0x0000000086100000, 0x0000000086000000| Untracked 
|  97|0x0000000086100000, 0x0000000086200000, 0x0000000086200000|100%| O|  |TAMS 0x0000000086200000, 0x0000000086100000| Updating 
|  98|0x0000000086200000, 0x0000000086300000, 0x0000000086300000|100%| O|  |TAMS 0x0000000086300000, 0x0000000086200000| Untracked 
|  99|0x0000000086300000, 0x0000000086400000, 0x0000000086400000|100%| O|  |TAMS 0x0000000086400000, 0x0000000086300000| Updating 
| 100|0x0000000086400000, 0x0000000086500000, 0x0000000086500000|100%| O|  |TAMS 0x0000000086500000, 0x0000000086400000| Updating 
| 101|0x0000000086500000, 0x0000000086600000, 0x0000000086600000|100%| O|  |TAMS 0x0000000086600000, 0x0000000086500000| Untracked 
| 102|0x0000000086600000, 0x0000000086700000, 0x0000000086700000|100%| O|  |TAMS 0x0000000086700000, 0x0000000086600000| Untracked 
| 103|0x0000000086700000, 0x0000000086800000, 0x0000000086800000|100%| O|  |TAMS 0x0000000086800000, 0x0000000086700000| Untracked 
| 104|0x0000000086800000, 0x0000000086900000, 0x0000000086900000|100%| O|  |TAMS 0x0000000086900000, 0x0000000086800000| Untracked 
| 105|0x0000000086900000, 0x0000000086a00000, 0x0000000086a00000|100%| O|  |TAMS 0x0000000086a00000, 0x0000000086900000| Updating 
| 106|0x0000000086a00000, 0x0000000086b00000, 0x0000000086b00000|100%| O|  |TAMS 0x0000000086b00000, 0x0000000086a00000| Untracked 
| 107|0x0000000086b00000, 0x0000000086c00000, 0x0000000086c00000|100%| O|  |TAMS 0x0000000086c00000, 0x0000000086b00000| Untracked 
| 108|0x0000000086c00000, 0x0000000086d00000, 0x0000000086d00000|100%| O|  |TAMS 0x0000000086d00000, 0x0000000086c00000| Untracked 
| 109|0x0000000086d00000, 0x0000000086e00000, 0x0000000086e00000|100%| O|  |TAMS 0x0000000086e00000, 0x0000000086d00000| Updating 
| 110|0x0000000086e00000, 0x0000000086f00000, 0x0000000086f00000|100%| O|  |TAMS 0x0000000086f00000, 0x0000000086e00000| Untracked 
| 111|0x0000000086f00000, 0x0000000087000000, 0x0000000087000000|100%| O|  |TAMS 0x0000000087000000, 0x0000000086f00000| Untracked 
| 112|0x0000000087000000, 0x0000000087100000, 0x0000000087100000|100%| O|  |TAMS 0x0000000087100000, 0x0000000087000000| Untracked 
| 113|0x0000000087100000, 0x0000000087200000, 0x0000000087200000|100%| O|  |TAMS 0x0000000087200000, 0x0000000087100000| Untracked 
| 114|0x0000000087200000, 0x0000000087300000, 0x0000000087300000|100%| O|  |TAMS 0x0000000087300000, 0x0000000087200000| Untracked 
| 115|0x0000000087300000, 0x0000000087400000, 0x0000000087400000|100%| O|  |TAMS 0x0000000087400000, 0x0000000087300000| Untracked 
| 116|0x0000000087400000, 0x0000000087500000, 0x0000000087500000|100%| O|  |TAMS 0x0000000087500000, 0x0000000087400000| Updating 
| 117|0x0000000087500000, 0x0000000087600000, 0x0000000087600000|100%| O|  |TAMS 0x0000000087600000, 0x0000000087500000| Updating 
| 118|0x0000000087600000, 0x0000000087700000, 0x0000000087700000|100%| O|  |TAMS 0x0000000087700000, 0x0000000087600000| Untracked 
| 119|0x0000000087700000, 0x0000000087800000, 0x0000000087800000|100%| O|  |TAMS 0x0000000087800000, 0x0000000087700000| Untracked 
| 120|0x0000000087800000, 0x0000000087900000, 0x0000000087900000|100%| O|  |TAMS 0x0000000087900000, 0x0000000087800000| Untracked 
| 121|0x0000000087900000, 0x0000000087a00000, 0x0000000087a00000|100%| O|  |TAMS 0x0000000087a00000, 0x0000000087900000| Untracked 
| 122|0x0000000087a00000, 0x0000000087b00000, 0x0000000087b00000|100%| O|  |TAMS 0x0000000087b00000, 0x0000000087a00000| Untracked 
| 123|0x0000000087b00000, 0x0000000087c00000, 0x0000000087c00000|100%| O|  |TAMS 0x0000000087c00000, 0x0000000087b00000| Untracked 
| 124|0x0000000087c00000, 0x0000000087d00000, 0x0000000087d00000|100%| O|  |TAMS 0x0000000087d00000, 0x0000000087c00000| Untracked 
| 125|0x0000000087d00000, 0x0000000087e00000, 0x0000000087e00000|100%| O|  |TAMS 0x0000000087e00000, 0x0000000087d00000| Updating 
| 126|0x0000000087e00000, 0x0000000087f00000, 0x0000000087f00000|100%| O|  |TAMS 0x0000000087f00000, 0x0000000087e00000| Updating 
| 127|0x0000000087f00000, 0x0000000088000000, 0x0000000088000000|100%| O|  |TAMS 0x0000000088000000, 0x0000000087f00000| Untracked 
| 128|0x0000000088000000, 0x0000000088100000, 0x0000000088100000|100%| O|  |TAMS 0x0000000088100000, 0x0000000088000000| Untracked 
| 129|0x0000000088100000, 0x0000000088200000, 0x0000000088200000|100%| O|  |TAMS 0x0000000088200000, 0x0000000088100000| Untracked 
| 130|0x0000000088200000, 0x0000000088300000, 0x0000000088300000|100%| O|  |TAMS 0x0000000088300000, 0x0000000088200000| Untracked 
| 131|0x0000000088300000, 0x0000000088400000, 0x0000000088400000|100%| O|  |TAMS 0x0000000088400000, 0x0000000088300000| Untracked 
| 132|0x0000000088400000, 0x0000000088500000, 0x0000000088500000|100%| O|  |TAMS 0x0000000088500000, 0x0000000088400000| Untracked 
| 133|0x0000000088500000, 0x0000000088600000, 0x0000000088600000|100%| O|  |TAMS 0x0000000088600000, 0x0000000088500000| Updating 
| 134|0x0000000088600000, 0x0000000088700000, 0x0000000088700000|100%| O|  |TAMS 0x0000000088700000, 0x0000000088600000| Updating 
| 135|0x0000000088700000, 0x0000000088800000, 0x0000000088800000|100%| O|  |TAMS 0x0000000088800000, 0x0000000088700000| Untracked 
| 136|0x0000000088800000, 0x0000000088900000, 0x0000000088900000|100%| O|  |TAMS 0x0000000088900000, 0x0000000088800000| Updating 
| 137|0x0000000088900000, 0x0000000088a00000, 0x0000000088a00000|100%|HS|  |TAMS 0x0000000088a00000, 0x0000000088900000| Complete 
| 138|0x0000000088a00000, 0x0000000088b00000, 0x0000000088b00000|100%|HC|  |TAMS 0x0000000088b00000, 0x0000000088a00000| Complete 
| 139|0x0000000088b00000, 0x0000000088c00000, 0x0000000088c00000|100%| O|  |TAMS 0x0000000088c00000, 0x0000000088b00000| Updating 
| 140|0x0000000088c00000, 0x0000000088d00000, 0x0000000088d00000|100%| O|  |TAMS 0x0000000088d00000, 0x0000000088c00000| Updating 
| 141|0x0000000088d00000, 0x0000000088e00000, 0x0000000088e00000|100%| O|  |TAMS 0x0000000088e00000, 0x0000000088d00000| Updating 
| 142|0x0000000088e00000, 0x0000000088f00000, 0x0000000088f00000|100%| O|  |TAMS 0x0000000088f00000, 0x0000000088e00000| Updating 
| 143|0x0000000088f00000, 0x0000000089000000, 0x0000000089000000|100%| O|  |TAMS 0x0000000089000000, 0x0000000088f00000| Untracked 
| 144|0x0000000089000000, 0x0000000089100000, 0x0000000089100000|100%| O|  |TAMS 0x0000000089100000, 0x0000000089000000| Untracked 
| 145|0x0000000089100000, 0x0000000089200000, 0x0000000089200000|100%| O|  |TAMS 0x0000000089200000, 0x0000000089100000| Untracked 
| 146|0x0000000089200000, 0x0000000089300000, 0x0000000089300000|100%| O|  |TAMS 0x0000000089300000, 0x0000000089200000| Untracked 
| 147|0x0000000089300000, 0x0000000089400000, 0x0000000089400000|100%| O|  |TAMS 0x0000000089400000, 0x0000000089300000| Untracked 
| 148|0x0000000089400000, 0x0000000089500000, 0x0000000089500000|100%| O|  |TAMS 0x0000000089500000, 0x0000000089400000| Untracked 
| 149|0x0000000089500000, 0x0000000089600000, 0x0000000089600000|100%| O|  |TAMS 0x0000000089600000, 0x0000000089500000| Updating 
| 150|0x0000000089600000, 0x0000000089700000, 0x0000000089700000|100%| O|  |TAMS 0x0000000089700000, 0x0000000089600000| Updating 
| 151|0x0000000089700000, 0x0000000089800000, 0x0000000089800000|100%| O|  |TAMS 0x0000000089800000, 0x0000000089700000| Updating 
| 152|0x0000000089800000, 0x0000000089900000, 0x0000000089900000|100%|HS|  |TAMS 0x0000000089900000, 0x0000000089800000| Complete 
| 153|0x0000000089900000, 0x0000000089a00000, 0x0000000089a00000|100%|HS|  |TAMS 0x0000000089a00000, 0x0000000089900000| Complete 
| 154|0x0000000089a00000, 0x0000000089b00000, 0x0000000089b00000|100%|HS|  |TAMS 0x0000000089b00000, 0x0000000089a00000| Complete 
| 155|0x0000000089b00000, 0x0000000089c00000, 0x0000000089c00000|100%|HC|  |TAMS 0x0000000089c00000, 0x0000000089b00000| Complete 
| 156|0x0000000089c00000, 0x0000000089d00000, 0x0000000089d00000|100%| O|  |TAMS 0x0000000089d00000, 0x0000000089c00000| Updating 
| 157|0x0000000089d00000, 0x0000000089e00000, 0x0000000089e00000|100%| O|  |TAMS 0x0000000089e00000, 0x0000000089d00000| Untracked 
| 158|0x0000000089e00000, 0x0000000089f00000, 0x0000000089f00000|100%| O|  |TAMS 0x0000000089f00000, 0x0000000089e00000| Untracked 
| 159|0x0000000089f00000, 0x000000008a000000, 0x000000008a000000|100%| O|  |TAMS 0x000000008a000000, 0x0000000089f00000| Untracked 
| 160|0x000000008a000000, 0x000000008a100000, 0x000000008a100000|100%| O|  |TAMS 0x000000008a100000, 0x000000008a000000| Updating 
| 161|0x000000008a100000, 0x000000008a200000, 0x000000008a200000|100%| O|  |TAMS 0x000000008a200000, 0x000000008a100000| Updating 
| 162|0x000000008a200000, 0x000000008a300000, 0x000000008a300000|100%| O|  |TAMS 0x000000008a300000, 0x000000008a200000| Updating 
| 163|0x000000008a300000, 0x000000008a400000, 0x000000008a400000|100%| O|  |TAMS 0x000000008a400000, 0x000000008a300000| Untracked 
| 164|0x000000008a400000, 0x000000008a500000, 0x000000008a500000|100%| O|  |TAMS 0x000000008a500000, 0x000000008a400000| Untracked 
| 165|0x000000008a500000, 0x000000008a600000, 0x000000008a600000|100%| O|  |TAMS 0x000000008a600000, 0x000000008a500000| Updating 
| 166|0x000000008a600000, 0x000000008a700000, 0x000000008a700000|100%| O|  |TAMS 0x000000008a700000, 0x000000008a600000| Untracked 
| 167|0x000000008a700000, 0x000000008a800000, 0x000000008a800000|100%| O|  |TAMS 0x000000008a800000, 0x000000008a700000| Untracked 
| 168|0x000000008a800000, 0x000000008a900000, 0x000000008a900000|100%| O|  |TAMS 0x000000008a900000, 0x000000008a800000| Updating 
| 169|0x000000008a900000, 0x000000008aa00000, 0x000000008aa00000|100%| O|  |TAMS 0x000000008aa00000, 0x000000008a900000| Untracked 
| 170|0x000000008aa00000, 0x000000008ab00000, 0x000000008ab00000|100%| O|  |TAMS 0x000000008ab00000, 0x000000008aa00000| Untracked 
| 171|0x000000008ab00000, 0x000000008ac00000, 0x000000008ac00000|100%| O|  |TAMS 0x000000008ac00000, 0x000000008ab00000| Updating 
| 172|0x000000008ac00000, 0x000000008ad00000, 0x000000008ad00000|100%| O|  |TAMS 0x000000008ad00000, 0x000000008ac00000| Updating 
| 173|0x000000008ad00000, 0x000000008ae00000, 0x000000008ae00000|100%| O|  |TAMS 0x000000008ae00000, 0x000000008ad00000| Updating 
| 174|0x000000008ae00000, 0x000000008af00000, 0x000000008af00000|100%| O|  |TAMS 0x000000008af00000, 0x000000008ae00000| Untracked 
| 175|0x000000008af00000, 0x000000008b000000, 0x000000008b000000|100%| O|  |TAMS 0x000000008b000000, 0x000000008af00000| Untracked 
| 176|0x000000008b000000, 0x000000008b100000, 0x000000008b100000|100%| O|  |TAMS 0x000000008b100000, 0x000000008b000000| Untracked 
| 177|0x000000008b100000, 0x000000008b200000, 0x000000008b200000|100%| O|  |TAMS 0x000000008b200000, 0x000000008b100000| Updating 
| 178|0x000000008b200000, 0x000000008b300000, 0x000000008b300000|100%| O|  |TAMS 0x000000008b300000, 0x000000008b200000| Updating 
| 179|0x000000008b300000, 0x000000008b400000, 0x000000008b400000|100%| O|  |TAMS 0x000000008b400000, 0x000000008b300000| Updating 
| 180|0x000000008b400000, 0x000000008b500000, 0x000000008b500000|100%| O|  |TAMS 0x000000008b500000, 0x000000008b400000| Updating 
| 181|0x000000008b500000, 0x000000008b600000, 0x000000008b600000|100%| O|  |TAMS 0x000000008b600000, 0x000000008b500000| Updating 
| 182|0x000000008b600000, 0x000000008b700000, 0x000000008b700000|100%| O|  |TAMS 0x000000008b700000, 0x000000008b600000| Updating 
| 183|0x000000008b700000, 0x000000008b800000, 0x000000008b800000|100%| O|  |TAMS 0x000000008b800000, 0x000000008b700000| Updating 
| 184|0x000000008b800000, 0x000000008b900000, 0x000000008b900000|100%| O|  |TAMS 0x000000008b900000, 0x000000008b800000| Untracked 
| 185|0x000000008b900000, 0x000000008ba00000, 0x000000008ba00000|100%| O|  |TAMS 0x000000008ba00000, 0x000000008b900000| Untracked 
| 186|0x000000008ba00000, 0x000000008bb00000, 0x000000008bb00000|100%| O|  |TAMS 0x000000008bb00000, 0x000000008ba00000| Untracked 
| 187|0x000000008bb00000, 0x000000008bc00000, 0x000000008bc00000|100%| O|  |TAMS 0x000000008bc00000, 0x000000008bb00000| Untracked 
| 188|0x000000008bc00000, 0x000000008bd00000, 0x000000008bd00000|100%| O|  |TAMS 0x000000008bd00000, 0x000000008bc00000| Updating 
| 189|0x000000008bd00000, 0x000000008be00000, 0x000000008be00000|100%| O|  |TAMS 0x000000008be00000, 0x000000008bd00000| Updating 
| 190|0x000000008be00000, 0x000000008bf00000, 0x000000008bf00000|100%| O|  |TAMS 0x000000008bf00000, 0x000000008be00000| Updating 
| 191|0x000000008bf00000, 0x000000008c000000, 0x000000008c000000|100%| O|  |TAMS 0x000000008c000000, 0x000000008bf00000| Updating 
| 192|0x000000008c000000, 0x000000008c100000, 0x000000008c100000|100%|HS|  |TAMS 0x000000008c100000, 0x000000008c000000| Complete 
| 193|0x000000008c100000, 0x000000008c200000, 0x000000008c200000|100%|HS|  |TAMS 0x000000008c200000, 0x000000008c100000| Complete 
| 194|0x000000008c200000, 0x000000008c300000, 0x000000008c300000|100%|HS|  |TAMS 0x000000008c300000, 0x000000008c200000| Complete 
| 195|0x000000008c300000, 0x000000008c400000, 0x000000008c400000|100%| O|  |TAMS 0x000000008c400000, 0x000000008c300000| Untracked 
| 196|0x000000008c400000, 0x000000008c500000, 0x000000008c500000|100%| O|  |TAMS 0x000000008c500000, 0x000000008c400000| Updating 
| 197|0x000000008c500000, 0x000000008c600000, 0x000000008c600000|100%| O|  |TAMS 0x000000008c600000, 0x000000008c500000| Updating 
| 198|0x000000008c600000, 0x000000008c700000, 0x000000008c700000|100%| O|  |TAMS 0x000000008c700000, 0x000000008c600000| Untracked 
| 199|0x000000008c700000, 0x000000008c800000, 0x000000008c800000|100%| O|  |TAMS 0x000000008c800000, 0x000000008c700000| Untracked 
| 200|0x000000008c800000, 0x000000008c900000, 0x000000008c900000|100%| O|  |TAMS 0x000000008c900000, 0x000000008c800000| Untracked 
| 201|0x000000008c900000, 0x000000008ca00000, 0x000000008ca00000|100%| O|  |TAMS 0x000000008ca00000, 0x000000008c900000| Untracked 
| 202|0x000000008ca00000, 0x000000008cb00000, 0x000000008cb00000|100%| O|  |TAMS 0x000000008cb00000, 0x000000008ca00000| Untracked 
| 203|0x000000008cb00000, 0x000000008cc00000, 0x000000008cc00000|100%| O|  |TAMS 0x000000008cc00000, 0x000000008cb00000| Updating 
| 204|0x000000008cc00000, 0x000000008cd00000, 0x000000008cd00000|100%| O|  |TAMS 0x000000008cd00000, 0x000000008cc00000| Untracked 
| 205|0x000000008cd00000, 0x000000008ce00000, 0x000000008ce00000|100%| O|  |TAMS 0x000000008ce00000, 0x000000008cd00000| Untracked 
| 206|0x000000008ce00000, 0x000000008cf00000, 0x000000008cf00000|100%| O|  |TAMS 0x000000008cf00000, 0x000000008ce00000| Untracked 
| 207|0x000000008cf00000, 0x000000008d000000, 0x000000008d000000|100%| O|  |TAMS 0x000000008d000000, 0x000000008cf00000| Untracked 
| 208|0x000000008d000000, 0x000000008d100000, 0x000000008d100000|100%| O|  |TAMS 0x000000008d100000, 0x000000008d000000| Untracked 
| 209|0x000000008d100000, 0x000000008d200000, 0x000000008d200000|100%| O|  |TAMS 0x000000008d200000, 0x000000008d100000| Untracked 
| 210|0x000000008d200000, 0x000000008d300000, 0x000000008d300000|100%| O|  |TAMS 0x000000008d300000, 0x000000008d200000| Untracked 
| 211|0x000000008d300000, 0x000000008d400000, 0x000000008d400000|100%| O|  |TAMS 0x000000008d400000, 0x000000008d300000| Updating 
| 212|0x000000008d400000, 0x000000008d500000, 0x000000008d500000|100%|HS|  |TAMS 0x000000008d500000, 0x000000008d400000| Complete 
| 213|0x000000008d500000, 0x000000008d600000, 0x000000008d600000|100%|HS|  |TAMS 0x000000008d600000, 0x000000008d500000| Complete 
| 214|0x000000008d600000, 0x000000008d700000, 0x000000008d700000|100%| O|  |TAMS 0x000000008d700000, 0x000000008d600000| Updating 
| 215|0x000000008d700000, 0x000000008d800000, 0x000000008d800000|100%| O|  |TAMS 0x000000008d800000, 0x000000008d700000| Untracked 
| 216|0x000000008d800000, 0x000000008d900000, 0x000000008d900000|100%| O|  |TAMS 0x000000008d900000, 0x000000008d800000| Updating 
| 217|0x000000008d900000, 0x000000008da00000, 0x000000008da00000|100%| O|  |TAMS 0x000000008da00000, 0x000000008d900000| Untracked 
| 218|0x000000008da00000, 0x000000008db00000, 0x000000008db00000|100%| O|  |TAMS 0x000000008db00000, 0x000000008da00000| Untracked 
| 219|0x000000008db00000, 0x000000008dc00000, 0x000000008dc00000|100%| O|  |TAMS 0x000000008dc00000, 0x000000008db00000| Updating 
| 220|0x000000008dc00000, 0x000000008dd00000, 0x000000008dd00000|100%| O|  |TAMS 0x000000008dd00000, 0x000000008dc00000| Updating 
| 221|0x000000008dd00000, 0x000000008de00000, 0x000000008de00000|100%| O|  |TAMS 0x000000008de00000, 0x000000008dd00000| Updating 
| 222|0x000000008de00000, 0x000000008df00000, 0x000000008df00000|100%| O|  |TAMS 0x000000008df00000, 0x000000008de00000| Untracked 
| 223|0x000000008df00000, 0x000000008e000000, 0x000000008e000000|100%| O|  |TAMS 0x000000008e000000, 0x000000008df00000| Untracked 
| 224|0x000000008e000000, 0x000000008e100000, 0x000000008e100000|100%| O|  |TAMS 0x000000008e100000, 0x000000008e000000| Untracked 
| 225|0x000000008e100000, 0x000000008e200000, 0x000000008e200000|100%| O|  |TAMS 0x000000008e200000, 0x000000008e100000| Updating 
| 226|0x000000008e200000, 0x000000008e300000, 0x000000008e300000|100%| O|  |TAMS 0x000000008e300000, 0x000000008e200000| Untracked 
| 227|0x000000008e300000, 0x000000008e400000, 0x000000008e400000|100%| O|  |TAMS 0x000000008e400000, 0x000000008e300000| Untracked 
| 228|0x000000008e400000, 0x000000008e500000, 0x000000008e500000|100%| O|  |TAMS 0x000000008e500000, 0x000000008e400000| Untracked 
| 229|0x000000008e500000, 0x000000008e600000, 0x000000008e600000|100%| O|  |TAMS 0x000000008e600000, 0x000000008e500000| Untracked 
| 230|0x000000008e600000, 0x000000008e700000, 0x000000008e700000|100%| O|  |TAMS 0x000000008e700000, 0x000000008e600000| Untracked 
| 231|0x000000008e700000, 0x000000008e800000, 0x000000008e800000|100%| O|  |TAMS 0x000000008e800000, 0x000000008e700000| Untracked 
| 232|0x000000008e800000, 0x000000008e900000, 0x000000008e900000|100%| O|  |TAMS 0x000000008e900000, 0x000000008e800000| Untracked 
| 233|0x000000008e900000, 0x000000008ea00000, 0x000000008ea00000|100%| O|  |TAMS 0x000000008ea00000, 0x000000008e900000| Untracked 
| 234|0x000000008ea00000, 0x000000008eb00000, 0x000000008eb00000|100%| O|  |TAMS 0x000000008eb00000, 0x000000008ea00000| Untracked 
| 235|0x000000008eb00000, 0x000000008ec00000, 0x000000008ec00000|100%| O|  |TAMS 0x000000008ec00000, 0x000000008eb00000| Updating 
| 236|0x000000008ec00000, 0x000000008ed00000, 0x000000008ed00000|100%| O|  |TAMS 0x000000008ed00000, 0x000000008ec00000| Untracked 
| 237|0x000000008ed00000, 0x000000008ee00000, 0x000000008ee00000|100%| O|  |TAMS 0x000000008ee00000, 0x000000008ed00000| Untracked 
| 238|0x000000008ee00000, 0x000000008ef00000, 0x000000008ef00000|100%| O|  |TAMS 0x000000008ef00000, 0x000000008ee00000| Updating 
| 239|0x000000008ef00000, 0x000000008f000000, 0x000000008f000000|100%| O|  |TAMS 0x000000008f000000, 0x000000008ef00000| Updating 
| 240|0x000000008f000000, 0x000000008f100000, 0x000000008f100000|100%| O|  |TAMS 0x000000008f100000, 0x000000008f000000| Untracked 
| 241|0x000000008f100000, 0x000000008f200000, 0x000000008f200000|100%| O|  |TAMS 0x000000008f200000, 0x000000008f100000| Untracked 
| 242|0x000000008f200000, 0x000000008f300000, 0x000000008f300000|100%| O|  |TAMS 0x000000008f300000, 0x000000008f200000| Untracked 
| 243|0x000000008f300000, 0x000000008f400000, 0x000000008f400000|100%| O|  |TAMS 0x000000008f400000, 0x000000008f300000| Untracked 
| 244|0x000000008f400000, 0x000000008f500000, 0x000000008f500000|100%| O|  |TAMS 0x000000008f500000, 0x000000008f400000| Untracked 
| 245|0x000000008f500000, 0x000000008f600000, 0x000000008f600000|100%| O|  |TAMS 0x000000008f600000, 0x000000008f500000| Updating 
| 246|0x000000008f600000, 0x000000008f700000, 0x000000008f700000|100%| O|  |TAMS 0x000000008f700000, 0x000000008f600000| Updating 
| 247|0x000000008f700000, 0x000000008f800000, 0x000000008f800000|100%| O|  |TAMS 0x000000008f800000, 0x000000008f700000| Updating 
| 248|0x000000008f800000, 0x000000008f900000, 0x000000008f900000|100%| O|  |TAMS 0x000000008f900000, 0x000000008f800000| Updating 
| 249|0x000000008f900000, 0x000000008fa00000, 0x000000008fa00000|100%| O|  |TAMS 0x000000008fa00000, 0x000000008f900000| Updating 
| 250|0x000000008fa00000, 0x000000008fb00000, 0x000000008fb00000|100%| O|  |TAMS 0x000000008fb00000, 0x000000008fa00000| Updating 
| 251|0x000000008fb00000, 0x000000008fc00000, 0x000000008fc00000|100%| O|  |TAMS 0x000000008fc00000, 0x000000008fb00000| Untracked 
| 252|0x000000008fc00000, 0x000000008fd00000, 0x000000008fd00000|100%| O|  |TAMS 0x000000008fd00000, 0x000000008fc00000| Untracked 
| 253|0x000000008fd00000, 0x000000008fe00000, 0x000000008fe00000|100%| O|  |TAMS 0x000000008fe00000, 0x000000008fd00000| Updating 
| 254|0x000000008fe00000, 0x000000008ff00000, 0x000000008ff00000|100%| O|  |TAMS 0x000000008ff00000, 0x000000008fe00000| Updating 
| 255|0x000000008ff00000, 0x0000000090000000, 0x0000000090000000|100%| O|  |TAMS 0x0000000090000000, 0x000000008ff00000| Updating 
| 256|0x0000000090000000, 0x0000000090100000, 0x0000000090100000|100%|HS|  |TAMS 0x0000000090100000, 0x0000000090000000| Complete 
| 257|0x0000000090100000, 0x0000000090200000, 0x0000000090200000|100%|HC|  |TAMS 0x0000000090200000, 0x0000000090100000| Complete 
| 258|0x0000000090200000, 0x0000000090300000, 0x0000000090300000|100%|HS|  |TAMS 0x0000000090300000, 0x0000000090200000| Complete 
| 259|0x0000000090300000, 0x0000000090400000, 0x0000000090400000|100%|HC|  |TAMS 0x0000000090400000, 0x0000000090300000| Complete 
| 260|0x0000000090400000, 0x0000000090500000, 0x0000000090500000|100%| O|  |TAMS 0x0000000090500000, 0x0000000090400000| Updating 
| 261|0x0000000090500000, 0x0000000090600000, 0x0000000090600000|100%| O|  |TAMS 0x0000000090600000, 0x0000000090500000| Updating 
| 262|0x0000000090600000, 0x0000000090700000, 0x0000000090700000|100%| O|  |TAMS 0x0000000090700000, 0x0000000090600000| Updating 
| 263|0x0000000090700000, 0x0000000090800000, 0x0000000090800000|100%| O|  |TAMS 0x0000000090800000, 0x0000000090700000| Updating 
| 264|0x0000000090800000, 0x0000000090900000, 0x0000000090900000|100%| O|  |TAMS 0x0000000090900000, 0x0000000090800000| Untracked 
| 265|0x0000000090900000, 0x0000000090a00000, 0x0000000090a00000|100%| O|  |TAMS 0x0000000090a00000, 0x0000000090900000| Untracked 
| 266|0x0000000090a00000, 0x0000000090b00000, 0x0000000090b00000|100%| O|  |TAMS 0x0000000090b00000, 0x0000000090a00000| Updating 
| 267|0x0000000090b00000, 0x0000000090c00000, 0x0000000090c00000|100%| O|  |TAMS 0x0000000090c00000, 0x0000000090b00000| Updating 
| 268|0x0000000090c00000, 0x0000000090d00000, 0x0000000090d00000|100%| O|  |TAMS 0x0000000090d00000, 0x0000000090c00000| Untracked 
| 269|0x0000000090d00000, 0x0000000090e00000, 0x0000000090e00000|100%| O|  |TAMS 0x0000000090e00000, 0x0000000090d00000| Untracked 
| 270|0x0000000090e00000, 0x0000000090f00000, 0x0000000090f00000|100%| O|  |TAMS 0x0000000090f00000, 0x0000000090e00000| Untracked 
| 271|0x0000000090f00000, 0x0000000091000000, 0x0000000091000000|100%| O|  |TAMS 0x0000000091000000, 0x0000000090f00000| Untracked 
| 272|0x0000000091000000, 0x0000000091100000, 0x0000000091100000|100%| O|  |TAMS 0x0000000091100000, 0x0000000091000000| Untracked 
| 273|0x0000000091100000, 0x0000000091200000, 0x0000000091200000|100%| O|  |TAMS 0x0000000091200000, 0x0000000091100000| Untracked 
| 274|0x0000000091200000, 0x0000000091300000, 0x0000000091300000|100%| O|  |TAMS 0x0000000091300000, 0x0000000091200000| Updating 
| 275|0x0000000091300000, 0x0000000091400000, 0x0000000091400000|100%| O|  |TAMS 0x0000000091400000, 0x0000000091300000| Updating 
| 276|0x0000000091400000, 0x0000000091500000, 0x0000000091500000|100%| O|  |TAMS 0x0000000091500000, 0x0000000091400000| Untracked 
| 277|0x0000000091500000, 0x0000000091600000, 0x0000000091600000|100%| O|  |TAMS 0x0000000091600000, 0x0000000091500000| Untracked 
| 278|0x0000000091600000, 0x0000000091700000, 0x0000000091700000|100%| O|  |TAMS 0x0000000091700000, 0x0000000091600000| Untracked 
| 279|0x0000000091700000, 0x0000000091800000, 0x0000000091800000|100%| O|  |TAMS 0x0000000091800000, 0x0000000091700000| Updating 
| 280|0x0000000091800000, 0x0000000091900000, 0x0000000091900000|100%| O|  |TAMS 0x0000000091900000, 0x0000000091800000| Untracked 
| 281|0x0000000091900000, 0x0000000091a00000, 0x0000000091a00000|100%| O|  |TAMS 0x0000000091a00000, 0x0000000091900000| Untracked 
| 282|0x0000000091a00000, 0x0000000091b00000, 0x0000000091b00000|100%| O|  |TAMS 0x0000000091b00000, 0x0000000091a00000| Updating 
| 283|0x0000000091b00000, 0x0000000091c00000, 0x0000000091c00000|100%| O|  |TAMS 0x0000000091c00000, 0x0000000091b00000| Updating 
| 284|0x0000000091c00000, 0x0000000091d00000, 0x0000000091d00000|100%| O|  |TAMS 0x0000000091d00000, 0x0000000091c00000| Updating 
| 285|0x0000000091d00000, 0x0000000091e00000, 0x0000000091e00000|100%| O|  |TAMS 0x0000000091e00000, 0x0000000091d00000| Updating 
| 286|0x0000000091e00000, 0x0000000091f00000, 0x0000000091f00000|100%| O|  |TAMS 0x0000000091f00000, 0x0000000091e00000| Updating 
| 287|0x0000000091f00000, 0x0000000092000000, 0x0000000092000000|100%| O|  |TAMS 0x0000000092000000, 0x0000000091f00000| Updating 
| 288|0x0000000092000000, 0x0000000092100000, 0x0000000092100000|100%| O|  |TAMS 0x0000000092100000, 0x0000000092000000| Updating 
| 289|0x0000000092100000, 0x0000000092200000, 0x0000000092200000|100%| O|  |TAMS 0x0000000092200000, 0x0000000092100000| Updating 
| 290|0x0000000092200000, 0x0000000092200000, 0x0000000092300000|  0%| F|  |TAMS 0x0000000092200000, 0x0000000092200000| Untracked 
| 291|0x0000000092300000, 0x0000000092400000, 0x0000000092400000|100%| O|  |TAMS 0x0000000092400000, 0x0000000092300000| Updating 
| 292|0x0000000092400000, 0x0000000092500000, 0x0000000092500000|100%| O|  |TAMS 0x0000000092500000, 0x0000000092400000| Updating 
| 293|0x0000000092500000, 0x0000000092600000, 0x0000000092600000|100%| O|  |TAMS 0x0000000092600000, 0x0000000092500000| Updating 
| 294|0x0000000092600000, 0x0000000092700000, 0x0000000092700000|100%|HS|  |TAMS 0x0000000092700000, 0x0000000092600000| Complete 
| 295|0x0000000092700000, 0x0000000092800000, 0x0000000092800000|100%|HC|  |TAMS 0x0000000092800000, 0x0000000092700000| Complete 
| 296|0x0000000092800000, 0x0000000092900000, 0x0000000092900000|100%|HS|  |TAMS 0x0000000092900000, 0x0000000092800000| Complete 
| 297|0x0000000092900000, 0x0000000092a00000, 0x0000000092a00000|100%|HC|  |TAMS 0x0000000092a00000, 0x0000000092900000| Complete 
| 298|0x0000000092a00000, 0x0000000092b00000, 0x0000000092b00000|100%| O|  |TAMS 0x0000000092b00000, 0x0000000092a00000| Updating 
| 299|0x0000000092b00000, 0x0000000092c00000, 0x0000000092c00000|100%| O|  |TAMS 0x0000000092c00000, 0x0000000092b00000| Updating 
| 300|0x0000000092c00000, 0x0000000092d00000, 0x0000000092d00000|100%| O|  |TAMS 0x0000000092d00000, 0x0000000092c00000| Updating 
| 301|0x0000000092d00000, 0x0000000092e00000, 0x0000000092e00000|100%| O|  |TAMS 0x0000000092e00000, 0x0000000092d00000| Updating 
| 302|0x0000000092e00000, 0x0000000092f00000, 0x0000000092f00000|100%| O|  |TAMS 0x0000000092f00000, 0x0000000092e00000| Updating 
| 303|0x0000000092f00000, 0x0000000093000000, 0x0000000093000000|100%| O|  |TAMS 0x0000000093000000, 0x0000000092f00000| Updating 
| 304|0x0000000093000000, 0x0000000093100000, 0x0000000093100000|100%| O|  |TAMS 0x0000000093100000, 0x0000000093000000| Updating 
| 305|0x0000000093100000, 0x0000000093200000, 0x0000000093200000|100%| O|  |TAMS 0x0000000093200000, 0x0000000093100000| Updating 
| 306|0x0000000093200000, 0x0000000093300000, 0x0000000093300000|100%| O|  |TAMS 0x0000000093300000, 0x0000000093200000| Updating 
| 307|0x0000000093300000, 0x0000000093400000, 0x0000000093400000|100%| O|  |TAMS 0x0000000093400000, 0x0000000093300000| Updating 
| 308|0x0000000093400000, 0x0000000093500000, 0x0000000093500000|100%| O|  |TAMS 0x0000000093500000, 0x0000000093400000| Updating 
| 309|0x0000000093500000, 0x0000000093600000, 0x0000000093600000|100%| O|  |TAMS 0x0000000093600000, 0x0000000093500000| Updating 
| 310|0x0000000093600000, 0x0000000093700000, 0x0000000093700000|100%| O|  |TAMS 0x0000000093700000, 0x0000000093600000| Updating 
| 311|0x0000000093700000, 0x0000000093800000, 0x0000000093800000|100%| O|  |TAMS 0x0000000093800000, 0x0000000093700000| Updating 
| 312|0x0000000093800000, 0x0000000093900000, 0x0000000093900000|100%| O|  |TAMS 0x0000000093900000, 0x0000000093800000| Updating 
| 313|0x0000000093900000, 0x0000000093a00000, 0x0000000093a00000|100%| O|  |TAMS 0x0000000093a00000, 0x0000000093900000| Updating 
| 314|0x0000000093a00000, 0x0000000093b00000, 0x0000000093b00000|100%| O|  |TAMS 0x0000000093b00000, 0x0000000093a00000| Updating 
| 315|0x0000000093b00000, 0x0000000093c00000, 0x0000000093c00000|100%| O|  |TAMS 0x0000000093c00000, 0x0000000093b00000| Updating 
| 316|0x0000000093c00000, 0x0000000093d00000, 0x0000000093d00000|100%| O|  |TAMS 0x0000000093d00000, 0x0000000093c00000| Updating 
| 317|0x0000000093d00000, 0x0000000093e00000, 0x0000000093e00000|100%| O|  |TAMS 0x0000000093e00000, 0x0000000093d00000| Updating 
| 318|0x0000000093e00000, 0x0000000093f00000, 0x0000000093f00000|100%| O|  |TAMS 0x0000000093f00000, 0x0000000093e00000| Updating 
| 319|0x0000000093f00000, 0x0000000094000000, 0x0000000094000000|100%| O|  |TAMS 0x0000000094000000, 0x0000000093f00000| Updating 
| 320|0x0000000094000000, 0x0000000094100000, 0x0000000094100000|100%| O|  |TAMS 0x0000000094100000, 0x0000000094000000| Updating 
| 321|0x0000000094100000, 0x0000000094200000, 0x0000000094200000|100%| O|  |TAMS 0x0000000094200000, 0x0000000094100000| Updating 
| 322|0x0000000094200000, 0x0000000094300000, 0x0000000094300000|100%| O|  |TAMS 0x0000000094300000, 0x0000000094200000| Updating 
| 323|0x0000000094300000, 0x0000000094400000, 0x0000000094400000|100%| O|  |TAMS 0x0000000094400000, 0x0000000094300000| Updating 
| 324|0x0000000094400000, 0x0000000094500000, 0x0000000094500000|100%| O|  |TAMS 0x0000000094500000, 0x0000000094400000| Updating 
| 325|0x0000000094500000, 0x0000000094600000, 0x0000000094600000|100%| O|  |TAMS 0x0000000094600000, 0x0000000094500000| Updating 
| 326|0x0000000094600000, 0x0000000094700000, 0x0000000094700000|100%| O|  |TAMS 0x0000000094700000, 0x0000000094600000| Updating 
| 327|0x0000000094700000, 0x0000000094700000, 0x0000000094800000|  0%| F|  |TAMS 0x0000000094700000, 0x0000000094700000| Untracked 
| 328|0x0000000094800000, 0x0000000094900000, 0x0000000094900000|100%| O|  |TAMS 0x0000000094900000, 0x0000000094800000| Updating 
| 329|0x0000000094900000, 0x0000000094a00000, 0x0000000094a00000|100%| O|  |TAMS 0x0000000094a00000, 0x0000000094900000| Updating 
| 330|0x0000000094a00000, 0x0000000094b00000, 0x0000000094b00000|100%| O|  |TAMS 0x0000000094b00000, 0x0000000094a00000| Updating 
| 331|0x0000000094b00000, 0x0000000094c00000, 0x0000000094c00000|100%| O|  |TAMS 0x0000000094c00000, 0x0000000094b00000| Updating 
| 332|0x0000000094c00000, 0x0000000094d00000, 0x0000000094d00000|100%| O|  |TAMS 0x0000000094d00000, 0x0000000094c00000| Updating 
| 333|0x0000000094d00000, 0x0000000094e00000, 0x0000000094e00000|100%| O|  |TAMS 0x0000000094e00000, 0x0000000094d00000| Updating 
| 334|0x0000000094e00000, 0x0000000094f00000, 0x0000000094f00000|100%| O|  |TAMS 0x0000000094f00000, 0x0000000094e00000| Updating 
| 335|0x0000000094f00000, 0x0000000095000000, 0x0000000095000000|100%| O|  |TAMS 0x0000000095000000, 0x0000000094f00000| Updating 
| 336|0x0000000095000000, 0x0000000095100000, 0x0000000095100000|100%| O|  |TAMS 0x0000000095100000, 0x0000000095000000| Updating 
| 337|0x0000000095100000, 0x0000000095200000, 0x0000000095200000|100%| O|  |TAMS 0x0000000095200000, 0x0000000095100000| Updating 
| 338|0x0000000095200000, 0x0000000095200000, 0x0000000095300000|  0%| F|  |TAMS 0x0000000095200000, 0x0000000095200000| Untracked 
| 339|0x0000000095300000, 0x0000000095400000, 0x0000000095400000|100%| O|  |TAMS 0x0000000095400000, 0x0000000095300000| Updating 
| 340|0x0000000095400000, 0x0000000095400000, 0x0000000095500000|  0%| F|  |TAMS 0x0000000095400000, 0x0000000095400000| Untracked 
| 341|0x0000000095500000, 0x0000000095600000, 0x0000000095600000|100%| O|  |TAMS 0x0000000095600000, 0x0000000095500000| Updating 
| 342|0x0000000095600000, 0x0000000095700000, 0x0000000095700000|100%| O|  |TAMS 0x0000000095700000, 0x0000000095600000| Updating 
| 343|0x0000000095700000, 0x0000000095800000, 0x0000000095800000|100%| O|  |TAMS 0x0000000095800000, 0x0000000095700000| Updating 
| 344|0x0000000095800000, 0x0000000095900000, 0x0000000095900000|100%| O|  |TAMS 0x0000000095900000, 0x0000000095800000| Updating 
| 345|0x0000000095900000, 0x0000000095a00000, 0x0000000095a00000|100%| O|  |TAMS 0x0000000095a00000, 0x0000000095900000| Updating 
| 346|0x0000000095a00000, 0x0000000095b00000, 0x0000000095b00000|100%| O|  |TAMS 0x0000000095b00000, 0x0000000095a00000| Updating 
| 347|0x0000000095b00000, 0x0000000095c00000, 0x0000000095c00000|100%| O|  |TAMS 0x0000000095c00000, 0x0000000095b00000| Updating 
| 348|0x0000000095c00000, 0x0000000095d00000, 0x0000000095d00000|100%| O|  |TAMS 0x0000000095d00000, 0x0000000095c00000| Updating 
| 349|0x0000000095d00000, 0x0000000095e00000, 0x0000000095e00000|100%| O|  |TAMS 0x0000000095e00000, 0x0000000095d00000| Updating 
| 350|0x0000000095e00000, 0x0000000095f00000, 0x0000000095f00000|100%| O|  |TAMS 0x0000000095f00000, 0x0000000095e00000| Updating 
| 351|0x0000000095f00000, 0x0000000096000000, 0x0000000096000000|100%| O|  |TAMS 0x0000000096000000, 0x0000000095f00000| Updating 
| 352|0x0000000096000000, 0x0000000096100000, 0x0000000096100000|100%| O|  |TAMS 0x0000000096100000, 0x0000000096000000| Updating 
| 353|0x0000000096100000, 0x0000000096200000, 0x0000000096200000|100%| O|  |TAMS 0x0000000096200000, 0x0000000096100000| Updating 
| 354|0x0000000096200000, 0x0000000096300000, 0x0000000096300000|100%| O|  |TAMS 0x0000000096300000, 0x0000000096200000| Updating 
| 355|0x0000000096300000, 0x0000000096400000, 0x0000000096400000|100%| O|  |TAMS 0x0000000096400000, 0x0000000096300000| Updating 
| 356|0x0000000096400000, 0x0000000096500000, 0x0000000096500000|100%| O|  |TAMS 0x0000000096500000, 0x0000000096400000| Updating 
| 357|0x0000000096500000, 0x0000000096600000, 0x0000000096600000|100%| O|  |TAMS 0x0000000096600000, 0x0000000096500000| Updating 
| 358|0x0000000096600000, 0x0000000096700000, 0x0000000096700000|100%| O|  |TAMS 0x0000000096700000, 0x0000000096600000| Updating 
| 359|0x0000000096700000, 0x0000000096800000, 0x0000000096800000|100%| O|  |TAMS 0x0000000096800000, 0x0000000096700000| Updating 
| 360|0x0000000096800000, 0x0000000096900000, 0x0000000096900000|100%| O|  |TAMS 0x0000000096900000, 0x0000000096800000| Updating 
| 361|0x0000000096900000, 0x0000000096a00000, 0x0000000096a00000|100%| O|  |TAMS 0x0000000096a00000, 0x0000000096900000| Updating 
| 362|0x0000000096a00000, 0x0000000096b00000, 0x0000000096b00000|100%| O|  |TAMS 0x0000000096b00000, 0x0000000096a00000| Updating 
| 363|0x0000000096b00000, 0x0000000096c00000, 0x0000000096c00000|100%| O|  |TAMS 0x0000000096c00000, 0x0000000096b00000| Updating 
| 364|0x0000000096c00000, 0x0000000096d00000, 0x0000000096d00000|100%| O|  |TAMS 0x0000000096d00000, 0x0000000096c00000| Updating 
| 365|0x0000000096d00000, 0x0000000096e00000, 0x0000000096e00000|100%| O|  |TAMS 0x0000000096e00000, 0x0000000096d00000| Updating 
| 366|0x0000000096e00000, 0x0000000096f00000, 0x0000000096f00000|100%| O|  |TAMS 0x0000000096ebea00, 0x0000000096e00000| Updating 
| 367|0x0000000096f00000, 0x0000000097000000, 0x0000000097000000|100%|HS|  |TAMS 0x0000000097000000, 0x0000000096f00000| Complete 
| 368|0x0000000097000000, 0x0000000097100000, 0x0000000097100000|100%|HC|  |TAMS 0x0000000097100000, 0x0000000097000000| Complete 
| 369|0x0000000097100000, 0x0000000097200000, 0x0000000097200000|100%| O|  |TAMS 0x0000000097200000, 0x0000000097100000| Updating 
| 370|0x0000000097200000, 0x0000000097300000, 0x0000000097300000|100%| O|  |TAMS 0x0000000097300000, 0x0000000097200000| Updating 
| 371|0x0000000097300000, 0x0000000097400000, 0x0000000097400000|100%| O|  |TAMS 0x0000000097400000, 0x0000000097300000| Updating 
| 372|0x0000000097400000, 0x0000000097500000, 0x0000000097500000|100%| O|  |TAMS 0x0000000097500000, 0x0000000097400000| Updating 
| 373|0x0000000097500000, 0x0000000097600000, 0x0000000097600000|100%| O|  |TAMS 0x0000000097600000, 0x0000000097500000| Updating 
| 374|0x0000000097600000, 0x0000000097700000, 0x0000000097700000|100%| O|  |TAMS 0x0000000097700000, 0x0000000097600000| Updating 
| 375|0x0000000097700000, 0x0000000097800000, 0x0000000097800000|100%| O|  |TAMS 0x0000000097800000, 0x0000000097700000| Updating 
| 376|0x0000000097800000, 0x0000000097800000, 0x0000000097900000|  0%| F|  |TAMS 0x0000000097800000, 0x0000000097800000| Untracked 
| 377|0x0000000097900000, 0x0000000097a00000, 0x0000000097a00000|100%| O|  |TAMS 0x0000000097a00000, 0x0000000097900000| Updating 
| 378|0x0000000097a00000, 0x0000000097b00000, 0x0000000097b00000|100%| O|  |TAMS 0x0000000097b00000, 0x0000000097a00000| Updating 
| 379|0x0000000097b00000, 0x0000000097c00000, 0x0000000097c00000|100%| O|  |TAMS 0x0000000097c00000, 0x0000000097b00000| Updating 
| 380|0x0000000097c00000, 0x0000000097d00000, 0x0000000097d00000|100%| O|  |TAMS 0x0000000097d00000, 0x0000000097c00000| Updating 
| 381|0x0000000097d00000, 0x0000000097e00000, 0x0000000097e00000|100%| O|  |TAMS 0x0000000097e00000, 0x0000000097d00000| Updating 
| 382|0x0000000097e00000, 0x0000000097f00000, 0x0000000097f00000|100%| O|  |TAMS 0x0000000097f00000, 0x0000000097e00000| Updating 
| 383|0x0000000097f00000, 0x0000000097f00000, 0x0000000098000000|  0%| F|  |TAMS 0x0000000097f00000, 0x0000000097f00000| Untracked 
| 384|0x0000000098000000, 0x0000000098100000, 0x0000000098100000|100%| O|  |TAMS 0x0000000098100000, 0x0000000098000000| Updating 
| 385|0x0000000098100000, 0x0000000098200000, 0x0000000098200000|100%| O|  |TAMS 0x0000000098200000, 0x0000000098100000| Updating 
| 386|0x0000000098200000, 0x0000000098300000, 0x0000000098300000|100%| O|  |TAMS 0x0000000098300000, 0x0000000098200000| Updating 
| 387|0x0000000098300000, 0x00000000983b6e00, 0x0000000098400000| 71%| O|  |TAMS 0x0000000098300000, 0x0000000098300000| Updating 
| 388|0x0000000098400000, 0x0000000098400000, 0x0000000098500000|  0%| F|  |TAMS 0x0000000098400000, 0x0000000098400000| Untracked 
| 389|0x0000000098500000, 0x0000000098600000, 0x0000000098600000|100%|HS|  |TAMS 0x0000000098600000, 0x0000000098500000| Complete 
| 390|0x0000000098600000, 0x0000000098700000, 0x0000000098700000|100%|HC|  |TAMS 0x0000000098700000, 0x0000000098600000| Complete 
| 391|0x0000000098700000, 0x0000000098800000, 0x0000000098800000|100%| O|  |TAMS 0x0000000098800000, 0x0000000098700000| Updating 
| 392|0x0000000098800000, 0x0000000098900000, 0x0000000098900000|100%| O|  |TAMS 0x0000000098900000, 0x0000000098800000| Updating 
| 393|0x0000000098900000, 0x0000000098a00000, 0x0000000098a00000|100%| O|  |TAMS 0x0000000098a00000, 0x0000000098900000| Updating 
| 394|0x0000000098a00000, 0x0000000098b00000, 0x0000000098b00000|100%| O|  |TAMS 0x0000000098b00000, 0x0000000098a00000| Updating 
| 395|0x0000000098b00000, 0x0000000098b00000, 0x0000000098c00000|  0%| F|  |TAMS 0x0000000098b00000, 0x0000000098b00000| Untracked 
| 396|0x0000000098c00000, 0x0000000098d00000, 0x0000000098d00000|100%|HS|  |TAMS 0x0000000098c00000, 0x0000000098c00000| Complete 
| 397|0x0000000098d00000, 0x0000000098e00000, 0x0000000098e00000|100%|HC|  |TAMS 0x0000000098d00000, 0x0000000098d00000| Complete 
| 398|0x0000000098e00000, 0x0000000098e00000, 0x0000000098f00000|  0%| F|  |TAMS 0x0000000098e00000, 0x0000000098e00000| Untracked 
| 399|0x0000000098f00000, 0x0000000098f00000, 0x0000000099000000|  0%| F|  |TAMS 0x0000000098f00000, 0x0000000098f00000| Untracked 
| 400|0x0000000099000000, 0x0000000099000000, 0x0000000099100000|  0%| F|  |TAMS 0x0000000099000000, 0x0000000099000000| Untracked 
| 401|0x0000000099100000, 0x0000000099100000, 0x0000000099200000|  0%| F|  |TAMS 0x0000000099100000, 0x0000000099100000| Untracked 
| 402|0x0000000099200000, 0x0000000099200000, 0x0000000099300000|  0%| F|  |TAMS 0x0000000099200000, 0x0000000099200000| Untracked 
| 403|0x0000000099300000, 0x0000000099300000, 0x0000000099400000|  0%| F|  |TAMS 0x0000000099300000, 0x0000000099300000| Untracked 
| 404|0x0000000099400000, 0x0000000099400000, 0x0000000099500000|  0%| F|  |TAMS 0x0000000099400000, 0x0000000099400000| Untracked 
| 405|0x0000000099500000, 0x0000000099500000, 0x0000000099600000|  0%| F|  |TAMS 0x0000000099500000, 0x0000000099500000| Untracked 
| 406|0x0000000099600000, 0x0000000099600000, 0x0000000099700000|  0%| F|  |TAMS 0x0000000099600000, 0x0000000099600000| Untracked 
| 407|0x0000000099700000, 0x0000000099700000, 0x0000000099800000|  0%| F|  |TAMS 0x0000000099700000, 0x0000000099700000| Untracked 
| 408|0x0000000099800000, 0x0000000099800000, 0x0000000099900000|  0%| F|  |TAMS 0x0000000099800000, 0x0000000099800000| Untracked 
| 409|0x0000000099900000, 0x0000000099900000, 0x0000000099a00000|  0%| F|  |TAMS 0x0000000099900000, 0x0000000099900000| Untracked 
| 410|0x0000000099a00000, 0x0000000099a00000, 0x0000000099b00000|  0%| F|  |TAMS 0x0000000099a00000, 0x0000000099a00000| Untracked 
| 411|0x0000000099b00000, 0x0000000099b00000, 0x0000000099c00000|  0%| F|  |TAMS 0x0000000099b00000, 0x0000000099b00000| Untracked 
| 412|0x0000000099c00000, 0x0000000099c00000, 0x0000000099d00000|  0%| F|  |TAMS 0x0000000099c00000, 0x0000000099c00000| Untracked 
| 413|0x0000000099d00000, 0x0000000099d00000, 0x0000000099e00000|  0%| F|  |TAMS 0x0000000099d00000, 0x0000000099d00000| Untracked 
| 414|0x0000000099e00000, 0x0000000099e00000, 0x0000000099f00000|  0%| F|  |TAMS 0x0000000099e00000, 0x0000000099e00000| Untracked 
| 415|0x0000000099f00000, 0x0000000099f00000, 0x000000009a000000|  0%| F|  |TAMS 0x0000000099f00000, 0x0000000099f00000| Untracked 
| 416|0x000000009a000000, 0x000000009a000000, 0x000000009a100000|  0%| F|  |TAMS 0x000000009a000000, 0x000000009a000000| Untracked 
| 417|0x000000009a100000, 0x000000009a100000, 0x000000009a200000|  0%| F|  |TAMS 0x000000009a100000, 0x000000009a100000| Untracked 
| 418|0x000000009a200000, 0x000000009a200000, 0x000000009a300000|  0%| F|  |TAMS 0x000000009a200000, 0x000000009a200000| Untracked 
| 419|0x000000009a300000, 0x000000009a300000, 0x000000009a400000|  0%| F|  |TAMS 0x000000009a300000, 0x000000009a300000| Untracked 
| 420|0x000000009a400000, 0x000000009a400000, 0x000000009a500000|  0%| F|  |TAMS 0x000000009a400000, 0x000000009a400000| Untracked 
| 421|0x000000009a500000, 0x000000009a500000, 0x000000009a600000|  0%| F|  |TAMS 0x000000009a500000, 0x000000009a500000| Untracked 
| 422|0x000000009a600000, 0x000000009a600000, 0x000000009a700000|  0%| F|  |TAMS 0x000000009a600000, 0x000000009a600000| Untracked 
| 423|0x000000009a700000, 0x000000009a700000, 0x000000009a800000|  0%| F|  |TAMS 0x000000009a700000, 0x000000009a700000| Untracked 
| 424|0x000000009a800000, 0x000000009a800000, 0x000000009a900000|  0%| F|  |TAMS 0x000000009a800000, 0x000000009a800000| Untracked 
| 425|0x000000009a900000, 0x000000009a900000, 0x000000009aa00000|  0%| F|  |TAMS 0x000000009a900000, 0x000000009a900000| Untracked 
| 426|0x000000009aa00000, 0x000000009aa00000, 0x000000009ab00000|  0%| F|  |TAMS 0x000000009aa00000, 0x000000009aa00000| Untracked 
| 427|0x000000009ab00000, 0x000000009ab00000, 0x000000009ac00000|  0%| F|  |TAMS 0x000000009ab00000, 0x000000009ab00000| Untracked 
| 428|0x000000009ac00000, 0x000000009ac00000, 0x000000009ad00000|  0%| F|  |TAMS 0x000000009ac00000, 0x000000009ac00000| Untracked 
| 429|0x000000009ad00000, 0x000000009ad00000, 0x000000009ae00000|  0%| F|  |TAMS 0x000000009ad00000, 0x000000009ad00000| Untracked 
| 430|0x000000009ae00000, 0x000000009ae00000, 0x000000009af00000|  0%| F|  |TAMS 0x000000009ae00000, 0x000000009ae00000| Untracked 
| 431|0x000000009af00000, 0x000000009af00000, 0x000000009b000000|  0%| F|  |TAMS 0x000000009af00000, 0x000000009af00000| Untracked 
| 432|0x000000009b000000, 0x000000009b000000, 0x000000009b100000|  0%| F|  |TAMS 0x000000009b000000, 0x000000009b000000| Untracked 
| 433|0x000000009b100000, 0x000000009b100000, 0x000000009b200000|  0%| F|  |TAMS 0x000000009b100000, 0x000000009b100000| Untracked 
| 434|0x000000009b200000, 0x000000009b200000, 0x000000009b300000|  0%| F|  |TAMS 0x000000009b200000, 0x000000009b200000| Untracked 
| 435|0x000000009b300000, 0x000000009b300000, 0x000000009b400000|  0%| F|  |TAMS 0x000000009b300000, 0x000000009b300000| Untracked 
| 436|0x000000009b400000, 0x000000009b400000, 0x000000009b500000|  0%| F|  |TAMS 0x000000009b400000, 0x000000009b400000| Untracked 
| 437|0x000000009b500000, 0x000000009b500000, 0x000000009b600000|  0%| F|  |TAMS 0x000000009b500000, 0x000000009b500000| Untracked 
| 438|0x000000009b600000, 0x000000009b600000, 0x000000009b700000|  0%| F|  |TAMS 0x000000009b600000, 0x000000009b600000| Untracked 
| 439|0x000000009b700000, 0x000000009b700000, 0x000000009b800000|  0%| F|  |TAMS 0x000000009b700000, 0x000000009b700000| Untracked 
| 440|0x000000009b800000, 0x000000009b800000, 0x000000009b900000|  0%| F|  |TAMS 0x000000009b800000, 0x000000009b800000| Untracked 
| 441|0x000000009b900000, 0x000000009b900000, 0x000000009ba00000|  0%| F|  |TAMS 0x000000009b900000, 0x000000009b900000| Untracked 
| 442|0x000000009ba00000, 0x000000009ba00000, 0x000000009bb00000|  0%| F|  |TAMS 0x000000009ba00000, 0x000000009ba00000| Untracked 
| 443|0x000000009bb00000, 0x000000009bb00000, 0x000000009bc00000|  0%| F|  |TAMS 0x000000009bb00000, 0x000000009bb00000| Untracked 
| 444|0x000000009bc00000, 0x000000009bc00000, 0x000000009bd00000|  0%| F|  |TAMS 0x000000009bc00000, 0x000000009bc00000| Untracked 
| 445|0x000000009bd00000, 0x000000009bd00000, 0x000000009be00000|  0%| F|  |TAMS 0x000000009bd00000, 0x000000009bd00000| Untracked 
| 446|0x000000009be00000, 0x000000009be00000, 0x000000009bf00000|  0%| F|  |TAMS 0x000000009be00000, 0x000000009be00000| Untracked 
| 447|0x000000009bf00000, 0x000000009bf00000, 0x000000009c000000|  0%| F|  |TAMS 0x000000009bf00000, 0x000000009bf00000| Untracked 
| 448|0x000000009c000000, 0x000000009c021220, 0x000000009c100000| 12%| S|CS|TAMS 0x000000009c000000, 0x000000009c000000| Complete 
| 449|0x000000009c100000, 0x000000009c200000, 0x000000009c200000|100%| S|CS|TAMS 0x000000009c100000, 0x000000009c100000| Complete 
| 450|0x000000009c200000, 0x000000009c200000, 0x000000009c300000|  0%| F|  |TAMS 0x000000009c200000, 0x000000009c200000| Untracked 
| 451|0x000000009c300000, 0x000000009c37fa60, 0x000000009c400000| 49%| E|  |TAMS 0x000000009c300000, 0x000000009c300000| Complete 
| 452|0x000000009c400000, 0x000000009c500000, 0x000000009c500000|100%| E|CS|TAMS 0x000000009c400000, 0x000000009c400000| Complete 
| 453|0x000000009c500000, 0x000000009c600000, 0x000000009c600000|100%| E|CS|TAMS 0x000000009c500000, 0x000000009c500000| Complete 
| 454|0x000000009c600000, 0x000000009c700000, 0x000000009c700000|100%| E|CS|TAMS 0x000000009c600000, 0x000000009c600000| Complete 
| 455|0x000000009c700000, 0x000000009c800000, 0x000000009c800000|100%| E|CS|TAMS 0x000000009c700000, 0x000000009c700000| Complete 

Card table byte_map: [0x0000019ee20e0000,0x0000019ee24e0000] _byte_map_base: 0x0000019ee1ce0000

Marking Bits (Prev, Next): (CMBitMap*) 0x0000019ecaf24710, (CMBitMap*) 0x0000019ecaf246d0
 Prev Bits: [0x0000019ee48e0000, 0x0000019ee68e0000)
 Next Bits: [0x0000019ee28e0000, 0x0000019ee48e0000)

Polling page: 0x0000019ec8b80000

Metaspace:

Usage:
  Non-class:    138.86 MB used.
      Class:     21.44 MB used.
       Both:    160.30 MB used.

Virtual space:
  Non-class space:      192.00 MB reserved,     140.88 MB ( 73%) committed,  3 nodes.
      Class space:      416.00 MB reserved,      22.50 MB (  5%) committed,  1 nodes.
             Both:      608.00 MB reserved,     163.38 MB ( 27%) committed. 

Chunk freelists:
   Non-Class:  3.38 MB
       Class:  9.69 MB
        Both:  13.07 MB

MaxMetaspaceSize: 512.00 MB
CompressedClassSpaceSize: 416.00 MB
Initial GC threshold: 21.00 MB
Current GC threshold: 183.69 MB
CDS: on
MetaspaceReclaimPolicy: balanced
 - commit_granule_bytes: 65536.
 - commit_granule_words: 8192.
 - virtual_space_node_default_size: 8388608.
 - enlarge_chunks_in_place: 1.
 - new_chunks_are_fully_committed: 0.
 - uncommit_free_chunks: 1.
 - use_allocation_guard: 0.
 - handle_deallocations: 1.


Internal statistics:

num_allocs_failed_limit: 9.
num_arena_births: 3024.
num_arena_deaths: 34.
num_vsnodes_births: 4.
num_vsnodes_deaths: 0.
num_space_committed: 2633.
num_space_uncommitted: 20.
num_chunks_returned_to_freelist: 174.
num_chunks_taken_from_freelist: 10855.
num_chunk_merges: 43.
num_chunk_splits: 6811.
num_chunks_enlarged: 4063.
num_inconsistent_stats: 0.

CodeHeap 'non-profiled nmethods': size=120000Kb used=19143Kb max_used=19476Kb free=100856Kb
 bounds [0x0000019eda250000, 0x0000019edb560000, 0x0000019ee1780000]
CodeHeap 'profiled nmethods': size=120000Kb used=53882Kb max_used=54910Kb free=66117Kb
 bounds [0x0000019ed2780000, 0x0000019ed5d30000, 0x0000019ed9cb0000]
CodeHeap 'non-nmethods': size=5760Kb used=2544Kb max_used=2621Kb free=3216Kb
 bounds [0x0000019ed9cb0000, 0x0000019ed9f50000, 0x0000019eda250000]
 total_blobs=26548 nmethods=25454 adapters=1004
 compilation: enabled
              stopped_count=0, restarted_count=0
 full_count=0

Compilation events (20 events):
Event: 121.709 Thread 0x0000019efde42f40 nmethod 31847 0x0000019edb551e90 code [0x0000019edb552180, 0x0000019edb5538e0]
Event: 121.710 Thread 0x0000019efde42f40 31795       4       com.android.tools.r8.graph.Q::J (13 bytes)
Event: 121.710 Thread 0x0000019efde42f40 nmethod 31795 0x0000019edb554a10 code [0x0000019edb554b80, 0x0000019edb554c18]
Event: 121.710 Thread 0x0000019efde42f40 31805       4       java.util.stream.ReduceOps$5ReducingSink::begin (9 bytes)
Event: 121.711 Thread 0x0000019efde42f40 nmethod 31805 0x0000019edb554d10 code [0x0000019edb554e80, 0x0000019edb554ef8]
Event: 121.711 Thread 0x0000019efde42f40 31826       4       org.gradle.api.internal.file.collections.DirectoryFileTree::visitStructure (16 bytes)
Event: 121.712 Thread 0x0000019efde42f40 nmethod 31826 0x0000019edb555010 code [0x0000019edb555180, 0x0000019edb555238]
Event: 121.730 Thread 0x0000019efde42f40 31851       4       com.android.tools.r8.internal.AA::a (194 bytes)
Event: 121.735 Thread 0x0000019ee96a6e50 nmethod 31808 0x0000019eda8c1f10 code [0x0000019eda8c2100, 0x0000019eda8c2868]
Event: 121.735 Thread 0x0000019efde42f40 nmethod 31851 0x0000019edac6ca90 code [0x0000019edac6cc20, 0x0000019edac6cd78]
Event: 121.735 Thread 0x0000019ee96a6e50 31852       4       com.android.tools.r8.internal.AA::a (911 bytes)
Event: 121.735 Thread 0x0000019efde42f40 31853       4       com.android.tools.r8.internal.cJ::e (20 bytes)
Event: 121.737 Thread 0x0000019ee96a7760 31855       3       com.android.tools.r8.ir.optimize.F::a (696 bytes)
Event: 121.737 Thread 0x0000019efde42f40 nmethod 31853 0x0000019eda8c1b90 code [0x0000019eda8c1d20, 0x0000019eda8c1df8]
Event: 121.737 Thread 0x0000019efde42f40 31856       4       com.android.tools.r8.internal.Uv0::a (76 bytes)
Event: 121.746 Thread 0x0000019ee96a7760 nmethod 31855 0x0000019ed5d22490 code [0x0000019ed5d22d20, 0x0000019ed5d29248]
Event: 121.790 Thread 0x0000019efde429f0 nmethod 31841 0x0000019edb167c90 code [0x0000019edb167fa0, 0x0000019edb16a588]
Event: 121.792 Thread 0x0000019efde429f0 31857       4       com.android.tools.r8.internal.ZD::b (10 bytes)
Event: 121.793 Thread 0x0000019efde429f0 nmethod 31857 0x0000019edb1c5710 code [0x0000019edb1c5880, 0x0000019edb1c5918]
Event: 121.793 Thread 0x0000019efde429f0 31858       4       java.util.HashMap$Values::iterator (12 bytes)

GC Heap History (20 events):
Event: 113.392 GC heap before
{Heap before GC invocations=94 (full 0):
 garbage-first heap   total 466944K, used 409123K [0x0000000080000000, 0x0000000100000000)
  region size 1024K, 41 young (41984K), 4 survivors (4096K)
 Metaspace       used 165473K, committed 167616K, reserved 622592K
  class space    used 22073K, committed 23040K, reserved 425984K
}
Event: 113.397 GC heap after
{Heap after GC invocations=95 (full 0):
 garbage-first heap   total 466944K, used 373468K [0x0000000080000000, 0x0000000100000000)
  region size 1024K, 5 young (5120K), 5 survivors (5120K)
 Metaspace       used 165473K, committed 167616K, reserved 622592K
  class space    used 22073K, committed 23040K, reserved 425984K
}
Event: 114.306 GC heap before
{Heap before GC invocations=95 (full 0):
 garbage-first heap   total 466944K, used 409308K [0x0000000080000000, 0x0000000100000000)
  region size 1024K, 41 young (41984K), 5 survivors (5120K)
 Metaspace       used 165628K, committed 167808K, reserved 622592K
  class space    used 22073K, committed 23040K, reserved 425984K
}
Event: 114.313 GC heap after
{Heap after GC invocations=96 (full 0):
 garbage-first heap   total 466944K, used 373746K [0x0000000080000000, 0x0000000100000000)
  region size 1024K, 4 young (4096K), 4 survivors (4096K)
 Metaspace       used 165628K, committed 167808K, reserved 622592K
  class space    used 22073K, committed 23040K, reserved 425984K
}
Event: 115.068 GC heap before
{Heap before GC invocations=96 (full 0):
 garbage-first heap   total 466944K, used 411634K [0x0000000080000000, 0x0000000100000000)
  region size 1024K, 41 young (41984K), 4 survivors (4096K)
 Metaspace       used 165657K, committed 167808K, reserved 622592K
  class space    used 22074K, committed 23040K, reserved 425984K
}
Event: 115.075 GC heap after
{Heap after GC invocations=97 (full 0):
 garbage-first heap   total 466944K, used 375503K [0x0000000080000000, 0x0000000100000000)
  region size 1024K, 5 young (5120K), 5 survivors (5120K)
 Metaspace       used 165657K, committed 167808K, reserved 622592K
  class space    used 22074K, committed 23040K, reserved 425984K
}
Event: 116.995 GC heap before
{Heap before GC invocations=97 (full 0):
 garbage-first heap   total 466944K, used 412367K [0x0000000080000000, 0x0000000100000000)
  region size 1024K, 41 young (41984K), 5 survivors (5120K)
 Metaspace       used 165718K, committed 167872K, reserved 622592K
  class space    used 22074K, committed 23040K, reserved 425984K
}
Event: 117.001 GC heap after
{Heap after GC invocations=98 (full 0):
 garbage-first heap   total 466944K, used 376110K [0x0000000080000000, 0x0000000100000000)
  region size 1024K, 5 young (5120K), 5 survivors (5120K)
 Metaspace       used 165718K, committed 167872K, reserved 622592K
  class space    used 22074K, committed 23040K, reserved 425984K
}
Event: 118.507 GC heap before
{Heap before GC invocations=98 (full 0):
 garbage-first heap   total 466944K, used 417070K [0x0000000080000000, 0x0000000100000000)
  region size 1024K, 40 young (40960K), 5 survivors (5120K)
 Metaspace       used 166000K, committed 168128K, reserved 622592K
  class space    used 22094K, committed 23040K, reserved 425984K
}
Event: 118.515 GC heap after
{Heap after GC invocations=99 (full 0):
 garbage-first heap   total 466944K, used 389601K [0x0000000080000000, 0x0000000100000000)
  region size 1024K, 5 young (5120K), 5 survivors (5120K)
 Metaspace       used 166000K, committed 168128K, reserved 622592K
  class space    used 22094K, committed 23040K, reserved 425984K
}
Event: 118.725 GC heap before
{Heap before GC invocations=99 (full 0):
 garbage-first heap   total 466944K, used 408033K [0x0000000080000000, 0x0000000100000000)
  region size 1024K, 23 young (23552K), 5 survivors (5120K)
 Metaspace       used 166044K, committed 168192K, reserved 622592K
  class space    used 22094K, committed 23040K, reserved 425984K
}
Event: 118.734 GC heap after
{Heap after GC invocations=100 (full 0):
 garbage-first heap   total 466944K, used 395002K [0x0000000080000000, 0x0000000100000000)
  region size 1024K, 3 young (3072K), 3 survivors (3072K)
 Metaspace       used 166044K, committed 168192K, reserved 622592K
  class space    used 22094K, committed 23040K, reserved 425984K
}
Event: 120.422 GC heap before
{Heap before GC invocations=100 (full 0):
 garbage-first heap   total 466944K, used 413434K [0x0000000080000000, 0x0000000100000000)
  region size 1024K, 22 young (22528K), 3 survivors (3072K)
 Metaspace       used 166101K, committed 168256K, reserved 622592K
  class space    used 22099K, committed 23040K, reserved 425984K
}
Event: 120.428 GC heap after
{Heap after GC invocations=101 (full 0):
 garbage-first heap   total 466944K, used 396860K [0x0000000080000000, 0x0000000100000000)
  region size 1024K, 3 young (3072K), 3 survivors (3072K)
 Metaspace       used 166101K, committed 168256K, reserved 622592K
  class space    used 22099K, committed 23040K, reserved 425984K
}
Event: 120.914 GC heap before
{Heap before GC invocations=101 (full 0):
 garbage-first heap   total 466944K, used 421436K [0x0000000080000000, 0x0000000100000000)
  region size 1024K, 22 young (22528K), 3 survivors (3072K)
 Metaspace       used 166355K, committed 168512K, reserved 622592K
  class space    used 22119K, committed 23104K, reserved 425984K
}
Event: 120.920 GC heap after
{Heap after GC invocations=102 (full 0):
 garbage-first heap   total 466944K, used 406528K [0x0000000080000000, 0x0000000100000000)
  region size 1024K, 3 young (3072K), 3 survivors (3072K)
 Metaspace       used 166355K, committed 168512K, reserved 622592K
  class space    used 22119K, committed 23104K, reserved 425984K
}
Event: 121.411 GC heap before
{Heap before GC invocations=102 (full 0):
 garbage-first heap   total 466944K, used 424960K [0x0000000080000000, 0x0000000100000000)
  region size 1024K, 22 young (22528K), 3 survivors (3072K)
 Metaspace       used 166375K, committed 168576K, reserved 622592K
  class space    used 22119K, committed 23104K, reserved 425984K
}
Event: 121.415 GC heap after
{Heap after GC invocations=103 (full 0):
 garbage-first heap   total 466944K, used 405164K [0x0000000080000000, 0x0000000100000000)
  region size 1024K, 2 young (2048K), 2 survivors (2048K)
 Metaspace       used 166375K, committed 168576K, reserved 622592K
  class space    used 22119K, committed 23104K, reserved 425984K
}
Event: 121.521 GC heap before
{Heap before GC invocations=103 (full 0):
 garbage-first heap   total 466944K, used 409260K [0x0000000080000000, 0x0000000100000000)
  region size 1024K, 8 young (8192K), 2 survivors (2048K)
 Metaspace       used 166398K, committed 168576K, reserved 622592K
  class space    used 22119K, committed 23104K, reserved 425984K
}
Event: 121.525 GC heap after
{Heap after GC invocations=104 (full 0):
 garbage-first heap   total 466944K, used 405344K [0x0000000080000000, 0x0000000100000000)
  region size 1024K, 2 young (2048K), 2 survivors (2048K)
 Metaspace       used 166398K, committed 168576K, reserved 622592K
  class space    used 22119K, committed 23104K, reserved 425984K
}

Deoptimization events (20 events):
Event: 121.462 Thread 0x0000019eef373310 DEOPT PACKING pc=0x0000019edb224fe4 sp=0x0000002b4fdfb780
Event: 121.462 Thread 0x0000019eef373310 DEOPT UNPACKING pc=0x0000019ed9d023a3 sp=0x0000002b4fdfb730 mode 2
Event: 121.468 Thread 0x0000019eef373d30 DEOPT PACKING pc=0x0000019ed5c36932 sp=0x0000002b4f9fa760
Event: 121.468 Thread 0x0000019eef373d30 DEOPT UNPACKING pc=0x0000019ed9d02b43 sp=0x0000002b4f9f9c70 mode 0
Event: 121.485 Thread 0x0000019eef373310 Uncommon trap: trap_request=0xffffffbe fr.pc=0x0000019edb224fe4 relative=0x0000000000000444
Event: 121.485 Thread 0x0000019eef373310 Uncommon trap: reason=profile_predicate action=maybe_recompile pc=0x0000019edb224fe4 method=java.util.HashMap.keysToArray([Ljava/lang/Object;)[Ljava/lang/Object; @ 46 c2
Event: 121.485 Thread 0x0000019eef373310 DEOPT PACKING pc=0x0000019edb224fe4 sp=0x0000002b4fdfbe30
Event: 121.485 Thread 0x0000019eef373310 DEOPT UNPACKING pc=0x0000019ed9d023a3 sp=0x0000002b4fdfbde0 mode 2
Event: 121.497 Thread 0x0000019eef373d30 DEOPT PACKING pc=0x0000019ed2e195d1 sp=0x0000002b4f9f9840
Event: 121.497 Thread 0x0000019eef373d30 DEOPT UNPACKING pc=0x0000019ed9d02b43 sp=0x0000002b4f9f8d40 mode 0
Event: 121.504 Thread 0x0000019eef373310 Uncommon trap: trap_request=0xffffffd6 fr.pc=0x0000019edaf75c28 relative=0x0000000000000508
Event: 121.504 Thread 0x0000019eef373310 Uncommon trap: reason=array_check action=maybe_recompile pc=0x0000019edaf75c28 method=java.util.HashMap.keysToArray([Ljava/lang/Object;)[Ljava/lang/Object; @ 62 c2
Event: 121.504 Thread 0x0000019eef373310 DEOPT PACKING pc=0x0000019edaf75c28 sp=0x0000002b4fdf8910
Event: 121.504 Thread 0x0000019eef373310 DEOPT UNPACKING pc=0x0000019ed9d023a3 sp=0x0000002b4fdf88a8 mode 2
Event: 121.527 Thread 0x0000019eef373d30 DEOPT PACKING pc=0x0000019ed5c36953 sp=0x0000002b4f9f89c0
Event: 121.527 Thread 0x0000019eef373d30 DEOPT UNPACKING pc=0x0000019ed9d02b43 sp=0x0000002b4f9f7ed0 mode 0
Event: 121.621 Thread 0x0000019eef373d30 Uncommon trap: trap_request=0xffffff45 fr.pc=0x0000019edb397d0c relative=0x0000000000001aac
Event: 121.621 Thread 0x0000019eef373d30 Uncommon trap: reason=unstable_if action=reinterpret pc=0x0000019edb397d0c method=com.android.tools.r8.ir.optimize.F.a(Ljava/util/Queue;Lcom/android/tools/r8/internal/FA;Lcom/android/tools/r8/internal/P5;Lcom/android/tools/r8/ir/optimize/a;Lcom/android/to
Event: 121.621 Thread 0x0000019eef373d30 DEOPT PACKING pc=0x0000019edb397d0c sp=0x0000002b4f9f93c0
Event: 121.621 Thread 0x0000019eef373d30 DEOPT UNPACKING pc=0x0000019ed9d023a3 sp=0x0000002b4f9f93d0 mode 2

Classes unloaded (20 events):
Event: 121.804 Thread 0x0000019ee9570200 Unloading class 0x0000019e8236d890 'jdk/internal/jimage/BasicImageReader'
Event: 121.804 Thread 0x0000019ee9570200 Unloading class 0x0000019e8236d670 'jdk/internal/jimage/ImageReader'
Event: 121.804 Thread 0x0000019ee9570200 Unloading class 0x0000019e8236d448 'jdk/internal/jrtfs/SystemImage$2'
Event: 121.804 Thread 0x0000019ee9570200 Unloading class 0x0000019e8236d230 'jdk/internal/jrtfs/SystemImage$$Lambda$2824+0x0000019e8236d230'
Event: 121.804 Thread 0x0000019ee9570200 Unloading class 0x0000019e8236d000 'jdk/internal/jrtfs/ExplodedImage'
Event: 121.804 Thread 0x0000019ee9570200 Unloading class 0x0000019e8236cdc8 'jdk/internal/jrtfs/SystemImage$1'
Event: 121.804 Thread 0x0000019ee9570200 Unloading class 0x0000019e8236cbb0 'jdk/internal/jrtfs/SystemImage'
Event: 121.804 Thread 0x0000019ee9570200 Unloading class 0x0000019e8236c950 'jdk/internal/jrtfs/JrtFileStore'
Event: 121.804 Thread 0x0000019ee9570200 Unloading class 0x0000019e8236c5d8 'jdk/internal/jrtfs/JrtPath'
Event: 121.804 Thread 0x0000019ee9570200 Unloading class 0x0000019e8236c2e0 'jdk/internal/jrtfs/JrtFileSystem'
Event: 121.804 Thread 0x0000019ee9570200 Unloading class 0x0000019e8236c000 'jdk/internal/jrtfs/JrtFileSystemProvider'
Event: 121.804 Thread 0x0000019ee9570200 Unloading class 0x0000019e82293000 'jdk/internal/reflect/GeneratedSerializationConstructorAccessor158'
Event: 121.804 Thread 0x0000019ee9570200 Unloading class 0x0000019e82292800 'jdk/internal/reflect/GeneratedSerializationConstructorAccessor156'
Event: 121.804 Thread 0x0000019ee9570200 Unloading class 0x0000019e82292000 'jdk/internal/reflect/GeneratedSerializationConstructorAccessor154'
Event: 121.804 Thread 0x0000019ee9570200 Unloading class 0x0000019e82291800 'jdk/internal/reflect/GeneratedSerializationConstructorAccessor152'
Event: 121.804 Thread 0x0000019ee9570200 Unloading class 0x0000019e82290c00 'jdk/internal/reflect/GeneratedSerializationConstructorAccessor149'
Event: 121.804 Thread 0x0000019ee9570200 Unloading class 0x0000019e82290800 'jdk/internal/reflect/GeneratedSerializationConstructorAccessor148'
Event: 121.804 Thread 0x0000019ee9570200 Unloading class 0x0000019e82290000 'jdk/internal/reflect/GeneratedSerializationConstructorAccessor146'
Event: 121.804 Thread 0x0000019ee9570200 Unloading class 0x0000019e8228c800 'jdk/internal/reflect/GeneratedSerializationConstructorAccessor142'
Event: 121.804 Thread 0x0000019ee9570200 Unloading class 0x0000019e8228c000 'jdk/internal/reflect/GeneratedSerializationConstructorAccessor140'

Classes redefined (0 events):
No events

Internal exceptions (20 events):
Event: 120.707 Thread 0x0000019ef4696850 Exception <a 'sun/nio/fs/WindowsException'{0x000000009bb1f668}> (0x000000009bb1f668) 
thrown [s\open\src\hotspot\share\prims\jni.cpp, line 516]
Event: 120.868 Thread 0x0000019eef376ac0 Exception <a 'sun/nio/fs/WindowsException'{0x000000009b707078}> (0x000000009b707078) 
thrown [s\open\src\hotspot\share\prims\jni.cpp, line 516]
Event: 120.868 Thread 0x0000019eef376ac0 Exception <a 'sun/nio/fs/WindowsException'{0x000000009b707840}> (0x000000009b707840) 
thrown [s\open\src\hotspot\share\prims\jni.cpp, line 516]
Event: 121.277 Thread 0x0000019eef376ac0 Exception <a 'sun/nio/fs/WindowsException'{0x000000009bd0a980}> (0x000000009bd0a980) 
thrown [s\open\src\hotspot\share\prims\jni.cpp, line 516]
Event: 121.294 Thread 0x0000019eef376ac0 Exception <a 'sun/nio/fs/WindowsException'{0x000000009bdeef08}> (0x000000009bdeef08) 
thrown [s\open\src\hotspot\share\prims\jni.cpp, line 516]
Event: 121.300 Thread 0x0000019eef376ac0 Exception <a 'sun/nio/fs/WindowsException'{0x000000009bcad1b0}> (0x000000009bcad1b0) 
thrown [s\open\src\hotspot\share\prims\jni.cpp, line 516]
Event: 121.300 Thread 0x0000019eef376ac0 Exception <a 'sun/nio/fs/WindowsException'{0x000000009bcae468}> (0x000000009bcae468) 
thrown [s\open\src\hotspot\share\prims\jni.cpp, line 516]
Event: 121.301 Thread 0x0000019eef376ac0 Exception <a 'sun/nio/fs/WindowsException'{0x000000009bcaf4c8}> (0x000000009bcaf4c8) 
thrown [s\open\src\hotspot\share\prims\jni.cpp, line 516]
Event: 121.301 Thread 0x0000019eef376ac0 Exception <a 'sun/nio/fs/WindowsException'{0x000000009bcb0770}> (0x000000009bcb0770) 
thrown [s\open\src\hotspot\share\prims\jni.cpp, line 516]
Event: 121.301 Thread 0x0000019eef376ac0 Exception <a 'sun/nio/fs/WindowsException'{0x000000009bcb0c30}> (0x000000009bcb0c30) 
thrown [s\open\src\hotspot\share\prims\jni.cpp, line 516]
Event: 121.301 Thread 0x0000019eef376ac0 Exception <a 'sun/nio/fs/WindowsException'{0x000000009bcb2ef0}> (0x000000009bcb2ef0) 
thrown [s\open\src\hotspot\share\prims\jni.cpp, line 516]
Event: 121.388 Thread 0x0000019eef373d30 Exception <a 'sun/nio/fs/WindowsException'{0x000000009b8b7d70}> (0x000000009b8b7d70) 
thrown [s\open\src\hotspot\share\prims\jni.cpp, line 516]
Event: 121.432 Thread 0x0000019eef373d30 Exception <a 'sun/nio/fs/WindowsException'{0x000000009c77dda0}> (0x000000009c77dda0) 
thrown [s\open\src\hotspot\share\prims\jni.cpp, line 516]
Event: 121.458 Thread 0x0000019ef4695410 Exception <a 'sun/nio/fs/WindowsException'{0x000000009c6dc800}> (0x000000009c6dc800) 
thrown [s\open\src\hotspot\share\prims\jni.cpp, line 516]
Event: 121.458 Thread 0x0000019ef4695410 Exception <a 'sun/nio/fs/WindowsException'{0x000000009c6f1a48}> (0x000000009c6f1a48) 
thrown [s\open\src\hotspot\share\prims\jni.cpp, line 516]
Event: 121.462 Thread 0x0000019ef4695410 Exception <a 'sun/nio/fs/WindowsException'{0x000000009c536578}> (0x000000009c536578) 
thrown [s\open\src\hotspot\share\prims\jni.cpp, line 516]
Event: 121.467 Thread 0x0000019ef4695410 Exception <a 'sun/nio/fs/WindowsException'{0x000000009c56b790}> (0x000000009c56b790) 
thrown [s\open\src\hotspot\share\prims\jni.cpp, line 516]
Event: 121.470 Thread 0x0000019ef4695410 Exception <a 'sun/nio/fs/WindowsException'{0x000000009c5bb2d0}> (0x000000009c5bb2d0) 
thrown [s\open\src\hotspot\share\prims\jni.cpp, line 516]
Event: 121.474 Thread 0x0000019ef4695410 Exception <a 'sun/nio/fs/WindowsException'{0x000000009c5f4eb0}> (0x000000009c5f4eb0) 
thrown [s\open\src\hotspot\share\prims\jni.cpp, line 516]
Event: 121.477 Thread 0x0000019ef4695410 Exception <a 'sun/nio/fs/WindowsException'{0x000000009c402338}> (0x000000009c402338) 
thrown [s\open\src\hotspot\share\prims\jni.cpp, line 516]

VM Operations (20 events):
Event: 118.734 Executing VM operation: G1CollectForAllocation done
Event: 119.275 Executing VM operation: ICBufferFull
Event: 119.276 Executing VM operation: ICBufferFull done
Event: 120.276 Executing VM operation: Cleanup
Event: 120.276 Executing VM operation: Cleanup done
Event: 120.355 Executing VM operation: HandshakeAllThreads
Event: 120.355 Executing VM operation: HandshakeAllThreads done
Event: 120.422 Executing VM operation: G1CollectForAllocation
Event: 120.428 Executing VM operation: G1CollectForAllocation done
Event: 120.913 Executing VM operation: G1CollectForAllocation
Event: 120.920 Executing VM operation: G1CollectForAllocation done
Event: 121.411 Executing VM operation: G1CollectForAllocation
Event: 121.416 Executing VM operation: G1CollectForAllocation done
Event: 121.521 Executing VM operation: G1TryInitiateConcMark
Event: 121.525 Executing VM operation: G1TryInitiateConcMark done
Event: 121.621 Executing VM operation: HandshakeAllThreads
Event: 121.621 Executing VM operation: HandshakeAllThreads done
Event: 121.705 Executing VM operation: HandshakeAllThreads
Event: 121.724 Executing VM operation: HandshakeAllThreads done
Event: 121.800 Executing VM operation: G1Concurrent

Events (20 events):
Event: 121.795 Thread 0x0000019ee96a8070 flushing nmethod 0x0000019ed5549910
Event: 121.795 Thread 0x0000019ee96a8070 flushing nmethod 0x0000019ed5549c90
Event: 121.795 Thread 0x0000019ee96a8070 flushing nmethod 0x0000019ed554a910
Event: 121.795 Thread 0x0000019ee96a8070 flushing nmethod 0x0000019ed554dc90
Event: 121.796 Thread 0x0000019ee96a8070 flushing nmethod 0x0000019ed55a0d10
Event: 121.796 Thread 0x0000019ee96a8070 flushing nmethod 0x0000019ed55c2e90
Event: 121.796 Thread 0x0000019ee96a8070 flushing nmethod 0x0000019ed55e1190
Event: 121.796 Thread 0x0000019ee96a8070 flushing nmethod 0x0000019ed55eab90
Event: 121.797 Thread 0x0000019ee96a8070 flushing nmethod 0x0000019ed56b0b90
Event: 121.797 Thread 0x0000019ee96a8070 flushing nmethod 0x0000019ed56bb610
Event: 121.797 Thread 0x0000019ee96a8070 flushing nmethod 0x0000019ed56c0e10
Event: 121.797 Thread 0x0000019ee96a8070 flushing nmethod 0x0000019ed56c4f10
Event: 121.797 Thread 0x0000019ee96a8070 flushing nmethod 0x0000019ed56ce310
Event: 121.797 Thread 0x0000019ee96a8070 flushing nmethod 0x0000019ed56cfd10
Event: 121.797 Thread 0x0000019ee96a8070 flushing nmethod 0x0000019ed56d8110
Event: 121.798 Thread 0x0000019ee96a8070 flushing nmethod 0x0000019ed577f790
Event: 121.798 Thread 0x0000019ee96a8070 flushing nmethod 0x0000019ed5788690
Event: 121.798 Thread 0x0000019ee96a8070 flushing nmethod 0x0000019ed57c8290
Event: 121.798 Thread 0x0000019ee96a8070 flushing nmethod 0x0000019ed57d2590
Event: 121.799 Thread 0x0000019ee96a8070 flushing nmethod 0x0000019ed582ce90


Dynamic libraries:
0x00007ff652960000 - 0x00007ff652970000 	C:\Program Files\Java\jdk-17\bin\java.exe
0x00007ffa79140000 - 0x00007ffa793a7000 	C:\WINDOWS\SYSTEM32\ntdll.dll
0x00007ffa77e00000 - 0x00007ffa77ec9000 	C:\WINDOWS\System32\KERNEL32.DLL
0x00007ffa767f0000 - 0x00007ffa76be0000 	C:\WINDOWS\System32\KERNELBASE.dll
0x00007ffa764b0000 - 0x00007ffa765fb000 	C:\WINDOWS\System32\ucrtbase.dll
0x00007ffa00800000 - 0x00007ffa0081b000 	C:\Program Files\Java\jdk-17\bin\VCRUNTIME140.dll
0x00007ffa00610000 - 0x00007ffa00629000 	C:\Program Files\Java\jdk-17\bin\jli.dll
0x00007ffa771c0000 - 0x00007ffa77274000 	C:\WINDOWS\System32\ADVAPI32.dll
0x00007ffa78fc0000 - 0x00007ffa79069000 	C:\WINDOWS\System32\msvcrt.dll
0x00007ffa76ef0000 - 0x00007ffa76f96000 	C:\WINDOWS\System32\sechost.dll
0x00007ffa78d50000 - 0x00007ffa78e68000 	C:\WINDOWS\System32\RPCRT4.dll
0x00007ffa785d0000 - 0x00007ffa78795000 	C:\WINDOWS\System32\USER32.dll
0x00007ffa76bf0000 - 0x00007ffa76c17000 	C:\WINDOWS\System32\win32u.dll
0x00007ffa5b890000 - 0x00007ffa5bb2a000 	C:\WINDOWS\WinSxS\amd64_microsoft.windows.common-controls_6595b64144ccf1df_6.0.26100.4768_none_3e0c112ce331287c\COMCTL32.dll
0x00007ffa77280000 - 0x00007ffa772ab000 	C:\WINDOWS\System32\GDI32.dll
0x00007ffa76600000 - 0x00007ffa76738000 	C:\WINDOWS\System32\gdi32full.dll
0x00007ffa76740000 - 0x00007ffa767e3000 	C:\WINDOWS\System32\msvcp_win.dll
0x00007ffa5d150000 - 0x00007ffa5d15b000 	C:\WINDOWS\SYSTEM32\VERSION.dll
0x00007ffa77c20000 - 0x00007ffa77c4f000 	C:\WINDOWS\System32\IMM32.DLL
0x00007ffa00600000 - 0x00007ffa0060c000 	C:\Program Files\Java\jdk-17\bin\vcruntime140_1.dll
0x00007ffa00570000 - 0x00007ffa005fe000 	C:\Program Files\Java\jdk-17\bin\msvcp140.dll
0x00007ff9fe860000 - 0x00007ff9ff440000 	C:\Program Files\Java\jdk-17\bin\server\jvm.dll
0x00007ffa77df0000 - 0x00007ffa77df8000 	C:\WINDOWS\System32\PSAPI.DLL
0x00007ffa00560000 - 0x00007ffa0056a000 	C:\WINDOWS\SYSTEM32\WSOCK32.dll
0x00007ffa77c60000 - 0x00007ffa77cd4000 	C:\WINDOWS\System32\WS2_32.dll
0x00007ffa6dde0000 - 0x00007ffa6de15000 	C:\WINDOWS\SYSTEM32\WINMM.dll
0x00007ffa74fb0000 - 0x00007ffa74fcb000 	C:\WINDOWS\SYSTEM32\kernel.appcore.dll
0x00007ffa00550000 - 0x00007ffa0055a000 	C:\Program Files\Java\jdk-17\bin\jimage.dll
0x00007ffa73ad0000 - 0x00007ffa73d11000 	C:\WINDOWS\SYSTEM32\DBGHELP.DLL
0x00007ffa787a0000 - 0x00007ffa78b25000 	C:\WINDOWS\System32\combase.dll
0x00007ffa78040000 - 0x00007ffa78120000 	C:\WINDOWS\System32\OLEAUT32.dll
0x00007ffa5ac40000 - 0x00007ffa5ac83000 	C:\WINDOWS\SYSTEM32\dbgcore.DLL
0x00007ffa76e30000 - 0x00007ffa76ec9000 	C:\WINDOWS\System32\bcryptPrimitives.dll
0x00007ffa703a0000 - 0x00007ffa703ae000 	C:\Program Files\Java\jdk-17\bin\instrument.dll
0x00007ffa00520000 - 0x00007ffa00545000 	C:\Program Files\Java\jdk-17\bin\java.dll
0x00007ffa00980000 - 0x00007ffa00a57000 	C:\Program Files\Java\jdk-17\bin\jsvml.dll
0x00007ffa774c0000 - 0x00007ffa77c0d000 	C:\WINDOWS\System32\SHELL32.dll
0x00007ffa76c20000 - 0x00007ffa76d93000 	C:\WINDOWS\System32\wintypes.dll
0x00007ffa73e10000 - 0x00007ffa74670000 	C:\WINDOWS\SYSTEM32\windows.storage.dll
0x00007ffa78e70000 - 0x00007ffa78f65000 	C:\WINDOWS\System32\SHCORE.dll
0x00007ffa77150000 - 0x00007ffa771ba000 	C:\WINDOWS\System32\shlwapi.dll
0x00007ffa76190000 - 0x00007ffa761b9000 	C:\WINDOWS\SYSTEM32\profapi.dll
0x00007ffa00920000 - 0x00007ffa00938000 	C:\Program Files\Java\jdk-17\bin\zip.dll
0x00007ffa00960000 - 0x00007ffa00979000 	C:\Program Files\Java\jdk-17\bin\net.dll
0x00007ffa6d040000 - 0x00007ffa6d15e000 	C:\WINDOWS\SYSTEM32\WINHTTP.dll
0x00007ffa75520000 - 0x00007ffa7558b000 	C:\WINDOWS\system32\mswsock.dll
0x00007ffa00940000 - 0x00007ffa00956000 	C:\Program Files\Java\jdk-17\bin\nio.dll
0x00007ffa28da0000 - 0x00007ffa28db0000 	C:\Program Files\Java\jdk-17\bin\verify.dll
0x00007ffa6d810000 - 0x00007ffa6d837000 	C:\Users\iFocus\.gradle\native\1def1411415f61bf3af743bc5b6707747c0891f09f0c88961ee8f79bc544acac\windows-amd64\native-platform.dll
0x00007ffa625b0000 - 0x00007ffa62628000 	C:\Users\iFocus\.gradle\native\0.2.7\x86_64-windows-gnu\gradle-fileevents.dll
0x00007ffa00910000 - 0x00007ffa0091a000 	C:\Program Files\Java\jdk-17\bin\management.dll
0x00007ffa00900000 - 0x00007ffa0090b000 	C:\Program Files\Java\jdk-17\bin\management_ext.dll
0x00007ffa749a0000 - 0x00007ffa749d3000 	C:\WINDOWS\SYSTEM32\IPHLPAPI.DLL
0x00007ffa79070000 - 0x00007ffa7907a000 	C:\WINDOWS\System32\NSI.dll
0x00007ffa6dc30000 - 0x00007ffa6dc4f000 	C:\WINDOWS\SYSTEM32\dhcpcsvc6.DLL
0x00007ffa6db90000 - 0x00007ffa6dbb5000 	C:\WINDOWS\SYSTEM32\dhcpcsvc.DLL
0x00007ffa74a30000 - 0x00007ffa74b56000 	C:\WINDOWS\SYSTEM32\DNSAPI.dll
0x00007ffa75900000 - 0x00007ffa7591b000 	C:\WINDOWS\SYSTEM32\CRYPTSP.dll
0x00007ffa74f10000 - 0x00007ffa74f4b000 	C:\WINDOWS\system32\rsaenh.dll
0x00007ffa755c0000 - 0x00007ffa755eb000 	C:\WINDOWS\SYSTEM32\USERENV.dll
0x00007ffa76160000 - 0x00007ffa76186000 	C:\WINDOWS\SYSTEM32\bcrypt.dll
0x00007ffa75760000 - 0x00007ffa7576c000 	C:\WINDOWS\SYSTEM32\CRYPTBASE.dll
0x00007ffa008f0000 - 0x00007ffa008fe000 	C:\Program Files\Java\jdk-17\bin\sunmscapi.dll
0x00007ffa76270000 - 0x00007ffa763e7000 	C:\WINDOWS\System32\CRYPT32.dll
0x00007ffa75a60000 - 0x00007ffa75a90000 	C:\WINDOWS\SYSTEM32\ncrypt.dll
0x00007ffa75a10000 - 0x00007ffa75a4f000 	C:\WINDOWS\SYSTEM32\NTASN1.dll
0x00007ffa3fee0000 - 0x00007ffa3fee8000 	C:\WINDOWS\system32\wshunix.dll
0x00007ffa750e0000 - 0x00007ffa75116000 	C:\WINDOWS\SYSTEM32\ntmarta.dll
0x00007ffa6e3d0000 - 0x00007ffa6e3d7000 	C:\Program Files\Java\jdk-17\bin\rmi.dll

dbghelp: loaded successfully - version: 4.0.5 - missing functions: none
symbol engine: initialized successfully - sym options: 0x614 - pdb path: .;C:\Program Files\Java\jdk-17\bin;C:\WINDOWS\SYSTEM32;C:\WINDOWS\WinSxS\amd64_microsoft.windows.common-controls_6595b64144ccf1df_6.0.26100.4768_none_3e0c112ce331287c;C:\Program Files\Java\jdk-17\bin\server;C:\Users\iFocus\.gradle\native\1def1411415f61bf3af743bc5b6707747c0891f09f0c88961ee8f79bc544acac\windows-amd64;C:\Users\iFocus\.gradle\native\0.2.7\x86_64-windows-gnu

VM Arguments:
jvm_args: --add-opens=java.base/java.lang=ALL-UNNAMED --add-opens=java.base/java.lang.invoke=ALL-UNNAMED --add-opens=java.base/java.util=ALL-UNNAMED --add-opens=java.prefs/java.util.prefs=ALL-UNNAMED --add-exports=jdk.compiler/com.sun.tools.javac.api=ALL-UNNAMED --add-exports=jdk.compiler/com.sun.tools.javac.util=ALL-UNNAMED --add-opens=java.base/java.util=ALL-UNNAMED --add-opens=java.prefs/java.util.prefs=ALL-UNNAMED --add-opens=java.base/java.nio.charset=ALL-UNNAMED --add-opens=java.base/java.net=ALL-UNNAMED --add-opens=java.base/java.util.concurrent.atomic=ALL-UNNAMED --add-opens=java.xml/javax.xml.namespace=ALL-UNNAMED -XX:MaxMetaspaceSize=512m -Xmx2048m -Dfile.encoding=windows-1252 -Duser.country=IN -Duser.language=en -Duser.variant -javaagent:C:\Users\iFocus\.gradle\wrapper\dists\gradle-8.14.1-bin\baw1sv0jfoi8rxs14qo3h49cs\gradle-8.14.1\lib\agents\gradle-instrumentation-agent-8.14.1.jar 
java_command: org.gradle.launcher.daemon.bootstrap.GradleDaemon 8.14.1
java_class_path (initial): C:\Users\iFocus\.gradle\wrapper\dists\gradle-8.14.1-bin\baw1sv0jfoi8rxs14qo3h49cs\gradle-8.14.1\lib\gradle-daemon-main-8.14.1.jar
Launcher Type: SUN_STANDARD

[Global flags]
     intx CICompilerCount                          = 4                                         {product} {ergonomic}
   size_t CompressedClassSpaceSize                 = 436207616                                 {product} {ergonomic}
     uint ConcGCThreads                            = 3                                         {product} {ergonomic}
     uint G1ConcRefinementThreads                  = 10                                        {product} {ergonomic}
   size_t G1HeapRegionSize                         = 1048576                                   {product} {ergonomic}
    uintx GCDrainStackTargetSize                   = 64                                        {product} {ergonomic}
   size_t InitialHeapSize                          = 264241152                                 {product} {ergonomic}
   size_t MarkStackSize                            = 4194304                                   {product} {ergonomic}
   size_t MaxHeapSize                              = 2147483648                                {product} {command line}
   size_t MaxMetaspaceSize                         = 536870912                                 {product} {command line}
   size_t MaxNewSize                               = 1287651328                                {product} {ergonomic}
   size_t MinHeapDeltaBytes                        = 1048576                                   {product} {ergonomic}
   size_t MinHeapSize                              = 8388608                                   {product} {ergonomic}
    uintx NonNMethodCodeHeapSize                   = 5839372                                {pd product} {ergonomic}
    uintx NonProfiledCodeHeapSize                  = 122909434                              {pd product} {ergonomic}
    uintx ProfiledCodeHeapSize                     = 122909434                              {pd product} {ergonomic}
    uintx ReservedCodeCacheSize                    = 251658240                              {pd product} {ergonomic}
     bool SegmentedCodeCache                       = true                                      {product} {ergonomic}
   size_t SoftMaxHeapSize                          = 2147483648                             {manageable} {ergonomic}
     bool UseCompressedClassPointers               = true                           {product lp64_product} {ergonomic}
     bool UseCompressedOops                        = true                           {product lp64_product} {ergonomic}
     bool UseG1GC                                  = true                                      {product} {ergonomic}
     bool UseLargePagesIndividualAllocation        = false                                  {pd product} {ergonomic}

Logging:
Log output configuration:
 #0: stdout all=warning uptime,level,tags
 #1: stderr all=off uptime,level,tags

Environment Variables:
JAVA_HOME=C:\Program Files\Java\jdk-17
PATH=C:\WINDOWS\system32;C:\WINDOWS;C:\WINDOWS\System32\Wbem;C:\WINDOWS\System32\WindowsPowerShell\v1.0\;C:\WINDOWS\System32\OpenSSH\;C:\Program Files\nodejs\;C:\Program Files\MongoDB\Server\8.0\bin;C:\Tools;C:\Program Files\Git\cmd;C:\Program Files\MySQL\MySQL Server 8.0\bin;C:\Program Files\mongosh;C:\Users\iFocus\AppData\Local\Android\Sdk\platform-tools;C:\Users\iFocus\AppData\Local\Android\Sdk\cmdline-tools\latest\bin;C:\Program Files\Java\jdk-17\bin;C:\Program Files\Docker\Docker\resources\bin;C:\Users\iFocus\AppData\Local\Programs\Python\Python39\;C:\Users\iFocus\AppData\Local\Programs\Python\Python39\Scripts\;C:\WINDOWS\system32;C:\WINDOWS;C:\WINDOWS\System32\Wbem;C:\WINDOWS\System32\WindowsPowerShell\v1.0\;C:\WINDOWS\System32\OpenSSH\;C:\Program Files\nodejs\;C:\Program Files\MongoDB\Server\8.0\bin;C:\Tools;C:\Program Files\Git\cmd;C:\Program Files\MySQL\MySQL Server 8.0\bin;C:\Program Files\mongosh;C:\Users\iFocus\AppData\Local\Android\Sdk\platform-tools;C:\Users\iFocus\AppData\Local\Android\Sdk\cmdline-tools\latest\bin;C:\Program Files\Java\jdk-17\bin;;C:\Program Files\Docker\Docker\resources\bin;C:\Users\iFocus\AppData\;C:\Users\iFocus\AppData\Local\Programs\Microsoft VS Code\bin;C:\Users\iFocus\AppData\Local\Microsoft\WindowsApps;c:\Users\iFocus\AppData\Roaming\Code\User\globalStorage\github.copilot-chat\debugCommand
USERNAME=iFocus
LANG=en_US.UTF-8
OS=Windows_NT
PROCESSOR_IDENTIFIER=Intel64 Family 6 Model 154 Stepping 4, GenuineIntel



---------------  S Y S T E M  ---------------

OS:
 Windows 11 , 64 bit Build 26100 (10.0.26100.4768)
OS uptime: 0 days 13:51 hours
Hyper-V role detected

CPU: total 12 (initial active 12) (6 cores per cpu, 2 threads per core) family 6 model 154 stepping 4 microcode 0x432, cx8, cmov, fxsr, ht, mmx, 3dnowpref, sse, sse2, sse3, ssse3, sse4.1, sse4.2, popcnt, lzcnt, tsc, tscinvbit, avx, avx2, aes, erms, clmul, bmi1, bmi2, adx, sha, fma, vzeroupper, clflush, clflushopt, clwb, hv

Memory: 4k page, system-wide physical 16055M (610M free)
TotalPageFile size 63063M (AvailPageFile size 71M)
current process WorkingSet (physical memory assigned to process): 903M, peak: 925M
current process commit charge ("private bytes"): 1001M, peak: 1207M

vm_info: Java HotSpot(TM) 64-Bit Server VM (17.0.12+8-LTS-286) for windows-amd64 JRE (17.0.12+8-LTS-286), built on Jun  5 2024 06:46:59 by "mach5one" with MS VC++ 17.6 (VS2022)

END.
